"","Sample","BaseName","Score"
"1","TCGA.02.0047.01A","RIDD_DOWN",19.1259094513917
"2","TCGA.02.0047.01A","RIDD_UP",17.8030116376674
"3","TCGA.02.0047.01A","XBP1_DOWN",23.2801203011875
"4","TCGA.02.0047.01A","XBP1_UP",34.8239336055563
"5","TCGA.02.0055.01A","RIDD_DOWN",19.8833115215265
"6","TCGA.02.0055.01A","RIDD_UP",14.9080758450351
"7","TCGA.02.0055.01A","XBP1_DOWN",28.6614176730136
"8","TCGA.02.0055.01A","XBP1_UP",35.5358534289834
"9","TCGA.02.2483.01A","RIDD_DOWN",17.994592833556
"10","TCGA.02.2483.01A","RIDD_UP",16.0197878153938
"11","TCGA.02.2483.01A","XBP1_DOWN",22.272111573918
"12","TCGA.02.2483.01A","XBP1_UP",36.3041543234346
"13","TCGA.02.2485.01A","RIDD_DOWN",16.0917085646782
"14","TCGA.02.2485.01A","RIDD_UP",15.0291799489281
"15","TCGA.02.2485.01A","XBP1_DOWN",21.495976119667
"16","TCGA.02.2485.01A","XBP1_UP",40.297318030662
"17","TCGA.02.2486.01A","RIDD_DOWN",18.0639461744972
"18","TCGA.02.2486.01A","RIDD_UP",16.4132569901125
"19","TCGA.02.2486.01A","XBP1_DOWN",27.4483237359617
"20","TCGA.02.2486.01A","XBP1_UP",29.733340948258
"21","TCGA.06.0125.01A","RIDD_DOWN",22.4596404761836
"22","TCGA.06.0125.01A","RIDD_UP",14.6074150394564
"23","TCGA.06.0125.01A","XBP1_DOWN",22.6523639391806
"24","TCGA.06.0125.01A","XBP1_UP",28.942144645035
"25","TCGA.06.0125.02A","RIDD_DOWN",21.3478330611206
"26","TCGA.06.0125.02A","RIDD_UP",17.2070298787694
"27","TCGA.06.0125.02A","XBP1_DOWN",23.7467425197673
"28","TCGA.06.0125.02A","XBP1_UP",31.9185490531178
"29","TCGA.06.0129.01A","RIDD_DOWN",19.9466767261372
"30","TCGA.06.0129.01A","RIDD_UP",15.7940179797106
"31","TCGA.06.0129.01A","XBP1_DOWN",22.8882794795154
"32","TCGA.06.0129.01A","XBP1_UP",40.7574173239848
"33","TCGA.06.0130.01A","RIDD_DOWN",18.4366009356544
"34","TCGA.06.0130.01A","RIDD_UP",17.0662111901845
"35","TCGA.06.0130.01A","XBP1_DOWN",26.8847624654464
"36","TCGA.06.0130.01A","XBP1_UP",32.0519808185407
"37","TCGA.06.0132.01A","RIDD_DOWN",20.5903590499758
"38","TCGA.06.0132.01A","RIDD_UP",20.052636923239
"39","TCGA.06.0132.01A","XBP1_DOWN",27.0886228146025
"40","TCGA.06.0132.01A","XBP1_UP",37.7883048622493
"41","TCGA.06.0138.01A","RIDD_DOWN",20.5656587214315
"42","TCGA.06.0138.01A","RIDD_UP",18.918222258907
"43","TCGA.06.0138.01A","XBP1_DOWN",27.4949685894469
"44","TCGA.06.0138.01A","XBP1_UP",39.9639209774873
"45","TCGA.06.0139.01A","RIDD_DOWN",17.1906208562921
"46","TCGA.06.0139.01A","RIDD_UP",16.5078506674457
"47","TCGA.06.0139.01A","XBP1_DOWN",26.536278129158
"48","TCGA.06.0139.01A","XBP1_UP",28.2093367942902
"49","TCGA.06.0141.01A","RIDD_DOWN",24.1984682981712
"50","TCGA.06.0141.01A","RIDD_UP",18.6254286978993
"51","TCGA.06.0141.01A","XBP1_DOWN",29.8885820967473
"52","TCGA.06.0141.01A","XBP1_UP",37.0736830656618
"53","TCGA.06.0152.02A","RIDD_DOWN",21.1609934465709
"54","TCGA.06.0152.02A","RIDD_UP",17.7778372620983
"55","TCGA.06.0152.02A","XBP1_DOWN",26.0267516952118
"56","TCGA.06.0152.02A","XBP1_UP",31.7485936481834
"57","TCGA.06.0156.01A","RIDD_DOWN",26.1447453813845
"58","TCGA.06.0156.01A","RIDD_UP",15.4684950446319
"59","TCGA.06.0156.01A","XBP1_DOWN",28.5835596512513
"60","TCGA.06.0156.01A","XBP1_UP",38.7826269258941
"61","TCGA.06.0157.01A","RIDD_DOWN",20.8131666388719
"62","TCGA.06.0157.01A","RIDD_UP",14.7579746417877
"63","TCGA.06.0157.01A","XBP1_DOWN",25.9369948856086
"64","TCGA.06.0157.01A","XBP1_UP",33.7352051671221
"65","TCGA.06.0158.01A","RIDD_DOWN",22.0554797552243
"66","TCGA.06.0158.01A","RIDD_UP",20.1080211655762
"67","TCGA.06.0158.01A","XBP1_DOWN",26.2496909018789
"68","TCGA.06.0158.01A","XBP1_UP",36.087233770632
"69","TCGA.06.0168.01A","RIDD_DOWN",15.0947136143286
"70","TCGA.06.0168.01A","RIDD_UP",14.8479979740067
"71","TCGA.06.0168.01A","XBP1_DOWN",22.617426194763
"72","TCGA.06.0168.01A","XBP1_UP",30.4811567963328
"73","TCGA.06.0171.02A","RIDD_DOWN",22.905629781366
"74","TCGA.06.0171.02A","RIDD_UP",19.5614007006634
"75","TCGA.06.0171.02A","XBP1_DOWN",30.641708573593
"76","TCGA.06.0171.02A","XBP1_UP",35.9350044853905
"77","TCGA.06.0174.01A","RIDD_DOWN",18.1432120770874
"78","TCGA.06.0174.01A","RIDD_UP",18.2766259877507
"79","TCGA.06.0174.01A","XBP1_DOWN",22.9196657497582
"80","TCGA.06.0174.01A","XBP1_UP",41.0488178143327
"81","TCGA.06.0178.01A","RIDD_DOWN",15.6615996672534
"82","TCGA.06.0178.01A","RIDD_UP",16.8436887530428
"83","TCGA.06.0178.01A","XBP1_DOWN",24.5842605907084
"84","TCGA.06.0178.01A","XBP1_UP",35.4791886298809
"85","TCGA.06.0184.01A","RIDD_DOWN",19.5761860408268
"86","TCGA.06.0184.01A","RIDD_UP",19.8048535276611
"87","TCGA.06.0184.01A","XBP1_DOWN",25.4158060187422
"88","TCGA.06.0184.01A","XBP1_UP",40.4025148056717
"89","TCGA.06.0187.01A","RIDD_DOWN",20.6426349638064
"90","TCGA.06.0187.01A","RIDD_UP",12.7867940928471
"91","TCGA.06.0187.01A","XBP1_DOWN",25.7938057355395
"92","TCGA.06.0187.01A","XBP1_UP",28.9582841182896
"93","TCGA.06.0190.01A","RIDD_DOWN",21.2643456141147
"94","TCGA.06.0190.01A","RIDD_UP",17.6579588566202
"95","TCGA.06.0190.01A","XBP1_DOWN",28.4137290126759
"96","TCGA.06.0190.01A","XBP1_UP",37.8164205145467
"97","TCGA.06.0190.02A","RIDD_DOWN",19.2765403786735
"98","TCGA.06.0190.02A","RIDD_UP",13.9094098863874
"99","TCGA.06.0190.02A","XBP1_DOWN",26.6972379862582
"100","TCGA.06.0190.02A","XBP1_UP",30.9662565550252
"101","TCGA.06.0210.01A","RIDD_DOWN",22.3724710658958
"102","TCGA.06.0210.01A","RIDD_UP",16.9196377954992
"103","TCGA.06.0210.01A","XBP1_DOWN",29.0643150825198
"104","TCGA.06.0210.01A","XBP1_UP",36.2421411503137
"105","TCGA.06.0210.02A","RIDD_DOWN",19.1289786606587
"106","TCGA.06.0210.02A","RIDD_UP",20.3542053664898
"107","TCGA.06.0210.02A","XBP1_DOWN",28.501941467889
"108","TCGA.06.0210.02A","XBP1_UP",40.5920938138529
"109","TCGA.06.0211.01A","RIDD_DOWN",22.2361544083408
"110","TCGA.06.0211.01A","RIDD_UP",15.0342590509051
"111","TCGA.06.0211.01A","XBP1_DOWN",27.127284624155
"112","TCGA.06.0211.01A","XBP1_UP",28.1056845757439
"113","TCGA.06.0211.01B","RIDD_DOWN",17.8753994537279
"114","TCGA.06.0211.01B","RIDD_UP",16.7855306112035
"115","TCGA.06.0211.01B","XBP1_DOWN",22.5683212337679
"116","TCGA.06.0211.01B","XBP1_UP",31.7940262489108
"117","TCGA.06.0211.02A","RIDD_DOWN",22.1546426546847
"118","TCGA.06.0211.02A","RIDD_UP",16.1220327539886
"119","TCGA.06.0211.02A","XBP1_DOWN",30.7175560693334
"120","TCGA.06.0211.02A","XBP1_UP",31.98708374639
"121","TCGA.06.0219.01A","RIDD_DOWN",17.7931713307247
"122","TCGA.06.0219.01A","RIDD_UP",19.810204645358
"123","TCGA.06.0219.01A","XBP1_DOWN",27.4506851651468
"124","TCGA.06.0219.01A","XBP1_UP",36.583669292639
"125","TCGA.06.0221.02A","RIDD_DOWN",17.4752146180567
"126","TCGA.06.0221.02A","RIDD_UP",18.4439686756247
"127","TCGA.06.0221.02A","XBP1_DOWN",19.1451058523361
"128","TCGA.06.0221.02A","XBP1_UP",41.871897036231
"129","TCGA.06.0238.01A","RIDD_DOWN",18.6678764352228
"130","TCGA.06.0238.01A","RIDD_UP",18.8903658355847
"131","TCGA.06.0238.01A","XBP1_DOWN",29.3658640526794
"132","TCGA.06.0238.01A","XBP1_UP",45.9414182790285
"133","TCGA.06.0644.01A","RIDD_DOWN",17.9132072191565
"134","TCGA.06.0644.01A","RIDD_UP",17.7875910371609
"135","TCGA.06.0644.01A","XBP1_DOWN",28.9748985377824
"136","TCGA.06.0644.01A","XBP1_UP",32.358384619511
"137","TCGA.06.0645.01A","RIDD_DOWN",22.2735815868181
"138","TCGA.06.0645.01A","RIDD_UP",19.8725652253357
"139","TCGA.06.0645.01A","XBP1_DOWN",29.2983839186592
"140","TCGA.06.0645.01A","XBP1_UP",38.4723403066233
"141","TCGA.06.0646.01A","RIDD_DOWN",23.4338198511265
"142","TCGA.06.0646.01A","RIDD_UP",17.77345081677
"143","TCGA.06.0646.01A","XBP1_DOWN",27.5404601062662
"144","TCGA.06.0646.01A","XBP1_UP",35.8116026888053
"145","TCGA.06.0649.01B","RIDD_DOWN",20.6121244049383
"146","TCGA.06.0649.01B","RIDD_UP",14.4363428060314
"147","TCGA.06.0649.01B","XBP1_DOWN",26.398282273042
"148","TCGA.06.0649.01B","XBP1_UP",35.8960752869156
"149","TCGA.06.0675.11A","RIDD_DOWN",17.0541084512823
"150","TCGA.06.0675.11A","RIDD_UP",15.771292814442
"151","TCGA.06.0675.11A","XBP1_DOWN",18.9247666027559
"152","TCGA.06.0675.11A","XBP1_UP",32.8316973779059
"153","TCGA.06.0678.11A","RIDD_DOWN",16.5782800949576
"154","TCGA.06.0678.11A","RIDD_UP",17.277623675064
"155","TCGA.06.0678.11A","XBP1_DOWN",19.8723700507168
"156","TCGA.06.0678.11A","XBP1_UP",33.3698516741134
"157","TCGA.06.0680.11A","RIDD_DOWN",17.2882972654508
"158","TCGA.06.0680.11A","RIDD_UP",15.9544245844874
"159","TCGA.06.0680.11A","XBP1_DOWN",18.1639110774805
"160","TCGA.06.0680.11A","XBP1_UP",33.3295660116251
"161","TCGA.06.0681.11A","RIDD_DOWN",16.665783396767
"162","TCGA.06.0681.11A","RIDD_UP",17.6132494216539
"163","TCGA.06.0681.11A","XBP1_DOWN",19.322405540698
"164","TCGA.06.0681.11A","XBP1_UP",33.9910195801023
"165","TCGA.06.0686.01A","RIDD_DOWN",16.3939717644995
"166","TCGA.06.0686.01A","RIDD_UP",18.9124386941228
"167","TCGA.06.0686.01A","XBP1_DOWN",21.2250606020083
"168","TCGA.06.0686.01A","XBP1_UP",39.475717257804
"169","TCGA.06.0743.01A","RIDD_DOWN",23.6242431198655
"170","TCGA.06.0743.01A","RIDD_UP",15.1807770396997
"171","TCGA.06.0743.01A","XBP1_DOWN",28.2074497522859
"172","TCGA.06.0743.01A","XBP1_UP",30.6734091682001
"173","TCGA.06.0744.01A","RIDD_DOWN",18.3447588053051
"174","TCGA.06.0744.01A","RIDD_UP",17.4735050387964
"175","TCGA.06.0744.01A","XBP1_DOWN",20.793794773021
"176","TCGA.06.0744.01A","XBP1_UP",31.0150855482827
"177","TCGA.06.0745.01A","RIDD_DOWN",20.1970622662015
"178","TCGA.06.0745.01A","RIDD_UP",17.8775603138981
"179","TCGA.06.0745.01A","XBP1_DOWN",27.3128775989633
"180","TCGA.06.0745.01A","XBP1_UP",37.2057246786225
"181","TCGA.06.0747.01A","RIDD_DOWN",20.0709878109009
"182","TCGA.06.0747.01A","RIDD_UP",13.3499482817572
"183","TCGA.06.0747.01A","XBP1_DOWN",22.2421003093694
"184","TCGA.06.0747.01A","XBP1_UP",30.1806235389582
"185","TCGA.06.0749.01A","RIDD_DOWN",17.5388379427213
"186","TCGA.06.0749.01A","RIDD_UP",17.6797675416954
"187","TCGA.06.0749.01A","XBP1_DOWN",23.0012169807385
"188","TCGA.06.0749.01A","XBP1_UP",40.2638121030321
"189","TCGA.06.0750.01A","RIDD_DOWN",20.2695824213931
"190","TCGA.06.0750.01A","RIDD_UP",17.6323284414197
"191","TCGA.06.0750.01A","XBP1_DOWN",25.6611674001109
"192","TCGA.06.0750.01A","XBP1_UP",34.7911809086931
"193","TCGA.06.0878.01A","RIDD_DOWN",20.0255022797565
"194","TCGA.06.0878.01A","RIDD_UP",15.1299345489688
"195","TCGA.06.0878.01A","XBP1_DOWN",23.4898396738548
"196","TCGA.06.0878.01A","XBP1_UP",28.1748744039133
"197","TCGA.06.0882.01A","RIDD_DOWN",20.5944558160897
"198","TCGA.06.0882.01A","RIDD_UP",19.7052310295708
"199","TCGA.06.0882.01A","XBP1_DOWN",26.0660010821076
"200","TCGA.06.0882.01A","XBP1_UP",34.6201939287284
"201","TCGA.06.1804.01A","RIDD_DOWN",20.9879091276757
"202","TCGA.06.1804.01A","RIDD_UP",15.0185440707225
"203","TCGA.06.1804.01A","XBP1_DOWN",22.5329566338416
"204","TCGA.06.1804.01A","XBP1_UP",36.4739606964695
"205","TCGA.06.2557.01A","RIDD_DOWN",19.3291285032669
"206","TCGA.06.2557.01A","RIDD_UP",19.1636484355726
"207","TCGA.06.2557.01A","XBP1_DOWN",24.7280606544073
"208","TCGA.06.2557.01A","XBP1_UP",40.0671662284502
"209","TCGA.06.2558.01A","RIDD_DOWN",19.7175338684848
"210","TCGA.06.2558.01A","RIDD_UP",20.2571978934042
"211","TCGA.06.2558.01A","XBP1_DOWN",24.8170720725214
"212","TCGA.06.2558.01A","XBP1_UP",41.8412299540958
"213","TCGA.06.2559.01A","RIDD_DOWN",21.1082086052855
"214","TCGA.06.2559.01A","RIDD_UP",17.2988220011177
"215","TCGA.06.2559.01A","XBP1_DOWN",22.8245207127474
"216","TCGA.06.2559.01A","XBP1_UP",39.3382597626633
"217","TCGA.06.2561.01A","RIDD_DOWN",20.1111429566318
"218","TCGA.06.2561.01A","RIDD_UP",17.2054504018722
"219","TCGA.06.2561.01A","XBP1_DOWN",24.5042194012678
"220","TCGA.06.2561.01A","XBP1_UP",35.7977950046379
"221","TCGA.06.2562.01A","RIDD_DOWN",21.3534460690203
"222","TCGA.06.2562.01A","RIDD_UP",18.0875577046338
"223","TCGA.06.2562.01A","XBP1_DOWN",26.8826490513078
"224","TCGA.06.2562.01A","XBP1_UP",31.9827171014295
"225","TCGA.06.2563.01A","RIDD_DOWN",17.5291723157799
"226","TCGA.06.2563.01A","RIDD_UP",18.2106146781562
"227","TCGA.06.2563.01A","XBP1_DOWN",20.1517281214781
"228","TCGA.06.2563.01A","XBP1_UP",29.604621845194
"229","TCGA.06.2564.01A","RIDD_DOWN",20.662520529363
"230","TCGA.06.2564.01A","RIDD_UP",18.9894756465822
"231","TCGA.06.2564.01A","XBP1_DOWN",22.6592241630417
"232","TCGA.06.2564.01A","XBP1_UP",39.439103843034
"233","TCGA.06.2565.01A","RIDD_DOWN",20.5833773534966
"234","TCGA.06.2565.01A","RIDD_UP",15.5803354604885
"235","TCGA.06.2565.01A","XBP1_DOWN",22.889514776513
"236","TCGA.06.2565.01A","XBP1_UP",27.5652326678433
"237","TCGA.06.2567.01A","RIDD_DOWN",23.6141753775056
"238","TCGA.06.2567.01A","RIDD_UP",17.2252984743312
"239","TCGA.06.2567.01A","XBP1_DOWN",28.1350509125434
"240","TCGA.06.2567.01A","XBP1_UP",37.3188216783788
"241","TCGA.06.2569.01A","RIDD_DOWN",19.6554188889292
"242","TCGA.06.2569.01A","RIDD_UP",13.9551071983322
"243","TCGA.06.2569.01A","XBP1_DOWN",17.7837818150647
"244","TCGA.06.2569.01A","XBP1_UP",32.4813932975774
"245","TCGA.06.2570.01A","RIDD_DOWN",20.8236521659759
"246","TCGA.06.2570.01A","RIDD_UP",19.1716478291458
"247","TCGA.06.2570.01A","XBP1_DOWN",26.1167374478219
"248","TCGA.06.2570.01A","XBP1_UP",37.8503444334861
"249","TCGA.06.5408.01A","RIDD_DOWN",20.9848906703216
"250","TCGA.06.5408.01A","RIDD_UP",13.7440193943648
"251","TCGA.06.5408.01A","XBP1_DOWN",23.9074000016794
"252","TCGA.06.5408.01A","XBP1_UP",34.2479311745073
"253","TCGA.06.5410.01A","RIDD_DOWN",22.0854315575164
"254","TCGA.06.5410.01A","RIDD_UP",21.4276653783224
"255","TCGA.06.5410.01A","XBP1_DOWN",33.2169545395688
"256","TCGA.06.5410.01A","XBP1_UP",37.8773531153713
"257","TCGA.06.5411.01A","RIDD_DOWN",20.3904408618301
"258","TCGA.06.5411.01A","RIDD_UP",21.1755643363922
"259","TCGA.06.5411.01A","XBP1_DOWN",26.9222971105597
"260","TCGA.06.5411.01A","XBP1_UP",44.81184525637
"261","TCGA.06.5412.01A","RIDD_DOWN",20.9173655513266
"262","TCGA.06.5412.01A","RIDD_UP",17.5124657848116
"263","TCGA.06.5412.01A","XBP1_DOWN",29.2572065848519
"264","TCGA.06.5412.01A","XBP1_UP",34.7854345244617
"265","TCGA.06.5413.01A","RIDD_DOWN",19.3766801240899
"266","TCGA.06.5413.01A","RIDD_UP",17.3384978861261
"267","TCGA.06.5413.01A","XBP1_DOWN",25.3346681987781
"268","TCGA.06.5413.01A","XBP1_UP",36.7132703065156
"269","TCGA.06.5414.01A","RIDD_DOWN",20.7100122274172
"270","TCGA.06.5414.01A","RIDD_UP",18.018519539395
"271","TCGA.06.5414.01A","XBP1_DOWN",28.1839519937402
"272","TCGA.06.5414.01A","XBP1_UP",32.442039137266
"273","TCGA.06.5416.01A","RIDD_DOWN",18.547493040915
"274","TCGA.06.5416.01A","RIDD_UP",14.6065818757254
"275","TCGA.06.5416.01A","XBP1_DOWN",20.9362001510875
"276","TCGA.06.5416.01A","XBP1_UP",35.2614288286661
"277","TCGA.06.5417.01A","RIDD_DOWN",14.3043568275425
"278","TCGA.06.5417.01A","RIDD_UP",10.666316215763
"279","TCGA.06.5417.01A","XBP1_DOWN",18.0612316733696
"280","TCGA.06.5417.01A","XBP1_UP",25.0157384394911
"281","TCGA.06.5418.01A","RIDD_DOWN",22.4615811843205
"282","TCGA.06.5418.01A","RIDD_UP",14.305111123188
"283","TCGA.06.5418.01A","XBP1_DOWN",25.4392965966036
"284","TCGA.06.5418.01A","XBP1_UP",33.0990948306139
"285","TCGA.06.5856.01A","RIDD_DOWN",21.3113154012083
"286","TCGA.06.5856.01A","RIDD_UP",17.2458267244097
"287","TCGA.06.5856.01A","XBP1_DOWN",22.5768953296223
"288","TCGA.06.5856.01A","XBP1_UP",37.5885454219721
"289","TCGA.06.5858.01A","RIDD_DOWN",20.4091281954576
"290","TCGA.06.5858.01A","RIDD_UP",20.4708631226098
"291","TCGA.06.5858.01A","XBP1_DOWN",23.3937127957698
"292","TCGA.06.5858.01A","XBP1_UP",42.4709097250703
"293","TCGA.06.5859.01A","RIDD_DOWN",15.452937898095
"294","TCGA.06.5859.01A","RIDD_UP",12.1786717081778
"295","TCGA.06.5859.01A","XBP1_DOWN",21.5851521600188
"296","TCGA.06.5859.01A","XBP1_UP",42.6188559174244
"297","TCGA.06.AABW.11A","RIDD_DOWN",14.3104004020925
"298","TCGA.06.AABW.11A","RIDD_UP",18.6961778028483
"299","TCGA.06.AABW.11A","XBP1_DOWN",16.5607634034443
"300","TCGA.06.AABW.11A","XBP1_UP",32.5346293282251
"301","TCGA.08.0386.01A","RIDD_DOWN",23.139238805982
"302","TCGA.08.0386.01A","RIDD_UP",15.425347966943
"303","TCGA.08.0386.01A","XBP1_DOWN",24.3302424147097
"304","TCGA.08.0386.01A","XBP1_UP",40.7844288006375
"305","TCGA.12.0616.01A","RIDD_DOWN",15.466041850094
"306","TCGA.12.0616.01A","RIDD_UP",12.7082225802027
"307","TCGA.12.0616.01A","XBP1_DOWN",21.2100221478106
"308","TCGA.12.0616.01A","XBP1_UP",34.0297718738627
"309","TCGA.12.0618.01A","RIDD_DOWN",20.5808963838763
"310","TCGA.12.0618.01A","RIDD_UP",16.4603321630149
"311","TCGA.12.0618.01A","XBP1_DOWN",23.5971522061311
"312","TCGA.12.0618.01A","XBP1_UP",47.693692876919
"313","TCGA.12.0619.01A","RIDD_DOWN",23.6772479493782
"314","TCGA.12.0619.01A","RIDD_UP",13.4933459839264
"315","TCGA.12.0619.01A","XBP1_DOWN",26.4859761239981
"316","TCGA.12.0619.01A","XBP1_UP",38.3886315205415
"317","TCGA.12.0821.01A","RIDD_DOWN",22.7924067148398
"318","TCGA.12.0821.01A","RIDD_UP",18.3875361752605
"319","TCGA.12.0821.01A","XBP1_DOWN",24.6140754251307
"320","TCGA.12.0821.01A","XBP1_UP",40.5343009621779
"321","TCGA.12.1597.01B","RIDD_DOWN",16.6606921131859
"322","TCGA.12.1597.01B","RIDD_UP",19.2463108989632
"323","TCGA.12.1597.01B","XBP1_DOWN",26.3522880404932
"324","TCGA.12.1597.01B","XBP1_UP",43.0248264093314
"325","TCGA.12.3650.01A","RIDD_DOWN",14.683168569806
"326","TCGA.12.3650.01A","RIDD_UP",16.95775861967
"327","TCGA.12.3650.01A","XBP1_DOWN",19.4076670196419
"328","TCGA.12.3650.01A","XBP1_UP",34.04684000658
"329","TCGA.12.3652.01A","RIDD_DOWN",19.6292242281509
"330","TCGA.12.3652.01A","RIDD_UP",12.3848578333329
"331","TCGA.12.3652.01A","XBP1_DOWN",21.9875768677299
"332","TCGA.12.3652.01A","XBP1_UP",28.6519372119657
"333","TCGA.12.3653.01A","RIDD_DOWN",14.3607968239807
"334","TCGA.12.3653.01A","RIDD_UP",12.0364252539447
"335","TCGA.12.3653.01A","XBP1_DOWN",18.5601446007277
"336","TCGA.12.3653.01A","XBP1_UP",27.9614648067474
"337","TCGA.12.5295.01A","RIDD_DOWN",13.1291388408582
"338","TCGA.12.5295.01A","RIDD_UP",13.691630564697
"339","TCGA.12.5295.01A","XBP1_DOWN",20.6308996530324
"340","TCGA.12.5295.01A","XBP1_UP",30.3909512114918
"341","TCGA.12.5299.01A","RIDD_DOWN",18.7704317130918
"342","TCGA.12.5299.01A","RIDD_UP",15.8699413239588
"343","TCGA.12.5299.01A","XBP1_DOWN",29.6063408899872
"344","TCGA.12.5299.01A","XBP1_UP",33.9425646243823
"345","TCGA.14.0736.02A","RIDD_DOWN",19.3003942867361
"346","TCGA.14.0736.02A","RIDD_UP",16.8137822690154
"347","TCGA.14.0736.02A","XBP1_DOWN",26.2182946335789
"348","TCGA.14.0736.02A","XBP1_UP",31.5907513881335
"349","TCGA.14.0781.01B","RIDD_DOWN",22.1248947471933
"350","TCGA.14.0781.01B","RIDD_UP",16.90088421472
"351","TCGA.14.0781.01B","XBP1_DOWN",29.1786516033817
"352","TCGA.14.0781.01B","XBP1_UP",33.2414560535827
"353","TCGA.14.0787.01A","RIDD_DOWN",17.4821795666029
"354","TCGA.14.0787.01A","RIDD_UP",14.031380733818
"355","TCGA.14.0787.01A","XBP1_DOWN",21.5364087743088
"356","TCGA.14.0787.01A","XBP1_UP",28.9352821156348
"357","TCGA.14.0789.01A","RIDD_DOWN",21.5675081468528
"358","TCGA.14.0789.01A","RIDD_UP",15.3802403528826
"359","TCGA.14.0789.01A","XBP1_DOWN",29.3018313815191
"360","TCGA.14.0789.01A","XBP1_UP",28.0814410575495
"361","TCGA.14.0790.01B","RIDD_DOWN",15.9138972398016
"362","TCGA.14.0790.01B","RIDD_UP",11.0112501797868
"363","TCGA.14.0790.01B","XBP1_DOWN",18.0267570158544
"364","TCGA.14.0790.01B","XBP1_UP",27.9053184072668
"365","TCGA.14.0817.01A","RIDD_DOWN",19.9759153620166
"366","TCGA.14.0817.01A","RIDD_UP",19.2711130763246
"367","TCGA.14.0817.01A","XBP1_DOWN",27.2574803785195
"368","TCGA.14.0817.01A","XBP1_UP",36.5413142540546
"369","TCGA.14.0871.01A","RIDD_DOWN",12.3820938829277
"370","TCGA.14.0871.01A","RIDD_UP",11.0434243049489
"371","TCGA.14.0871.01A","XBP1_DOWN",16.4783377711918
"372","TCGA.14.0871.01A","XBP1_UP",23.6612755726225
"373","TCGA.14.1034.01A","RIDD_DOWN",16.5782265971779
"374","TCGA.14.1034.01A","RIDD_UP",11.5028448558663
"375","TCGA.14.1034.01A","XBP1_DOWN",23.269675738939
"376","TCGA.14.1034.01A","XBP1_UP",26.7635553341975
"377","TCGA.14.1034.02B","RIDD_DOWN",19.9816532515855
"378","TCGA.14.1034.02B","RIDD_UP",11.4392967690197
"379","TCGA.14.1034.02B","XBP1_DOWN",21.4495905386048
"380","TCGA.14.1034.02B","XBP1_UP",30.4832629178406
"381","TCGA.14.1402.02A","RIDD_DOWN",19.7181423761687
"382","TCGA.14.1402.02A","RIDD_UP",15.4765614418984
"383","TCGA.14.1402.02A","XBP1_DOWN",27.9608458211184
"384","TCGA.14.1402.02A","XBP1_UP",33.9505880363612
"385","TCGA.14.1823.01A","RIDD_DOWN",19.5607732083654
"386","TCGA.14.1823.01A","RIDD_UP",12.0991252695936
"387","TCGA.14.1823.01A","XBP1_DOWN",28.3937030614382
"388","TCGA.14.1823.01A","XBP1_UP",24.0802570994522
"389","TCGA.14.1825.01A","RIDD_DOWN",14.1538690418415
"390","TCGA.14.1825.01A","RIDD_UP",14.7278682051601
"391","TCGA.14.1825.01A","XBP1_DOWN",16.6941936556961
"392","TCGA.14.1825.01A","XBP1_UP",29.8634172673845
"393","TCGA.14.1829.01A","RIDD_DOWN",20.0216362666754
"394","TCGA.14.1829.01A","RIDD_UP",17.7797975222826
"395","TCGA.14.1829.01A","XBP1_DOWN",27.2792223042895
"396","TCGA.14.1829.01A","XBP1_UP",34.1044239227794
"397","TCGA.14.2554.01A","RIDD_DOWN",20.3585563948378
"398","TCGA.14.2554.01A","RIDD_UP",15.0713669035661
"399","TCGA.14.2554.01A","XBP1_DOWN",28.4346612854358
"400","TCGA.14.2554.01A","XBP1_UP",31.4837549760088
"401","TCGA.15.0742.01A","RIDD_DOWN",20.8590735520163
"402","TCGA.15.0742.01A","RIDD_UP",13.8338581250598
"403","TCGA.15.0742.01A","XBP1_DOWN",18.7168871858056
"404","TCGA.15.0742.01A","XBP1_UP",29.2718647362241
"405","TCGA.15.1444.01A","RIDD_DOWN",19.4430048765199
"406","TCGA.15.1444.01A","RIDD_UP",19.7960203704086
"407","TCGA.15.1444.01A","XBP1_DOWN",21.4608001947076
"408","TCGA.15.1444.01A","XBP1_UP",40.8275467940189
"409","TCGA.16.0846.01A","RIDD_DOWN",15.3263918181515
"410","TCGA.16.0846.01A","RIDD_UP",16.4381075905485
"411","TCGA.16.0846.01A","XBP1_DOWN",22.5699386036266
"412","TCGA.16.0846.01A","XBP1_UP",41.8622193439801
"413","TCGA.16.1045.01B","RIDD_DOWN",22.841693330323
"414","TCGA.16.1045.01B","RIDD_UP",18.7813391516685
"415","TCGA.16.1045.01B","XBP1_DOWN",26.8255473580326
"416","TCGA.16.1045.01B","XBP1_UP",35.1323101631683
"417","TCGA.19.0957.02A","RIDD_DOWN",20.6264831836321
"418","TCGA.19.0957.02A","RIDD_UP",20.3961745347355
"419","TCGA.19.0957.02A","XBP1_DOWN",24.0585787122028
"420","TCGA.19.0957.02A","XBP1_UP",44.2308978278842
"421","TCGA.19.1389.02A","RIDD_DOWN",18.9405522423368
"422","TCGA.19.1389.02A","RIDD_UP",10.7050665938292
"423","TCGA.19.1389.02A","XBP1_DOWN",27.7624594391334
"424","TCGA.19.1389.02A","XBP1_UP",28.2719676885198
"425","TCGA.19.1390.01A","RIDD_DOWN",20.8559074825071
"426","TCGA.19.1390.01A","RIDD_UP",18.6118513823335
"427","TCGA.19.1390.01A","XBP1_DOWN",21.0071705311514
"428","TCGA.19.1390.01A","XBP1_UP",37.7170631570384
"429","TCGA.19.1787.01B","RIDD_DOWN",18.3573633821945
"430","TCGA.19.1787.01B","RIDD_UP",18.7845685317978
"431","TCGA.19.1787.01B","XBP1_DOWN",24.7208971108162
"432","TCGA.19.1787.01B","XBP1_UP",39.319335649384
"433","TCGA.19.2619.01A","RIDD_DOWN",21.5439597388944
"434","TCGA.19.2619.01A","RIDD_UP",14.6566869759891
"435","TCGA.19.2619.01A","XBP1_DOWN",24.6316814056099
"436","TCGA.19.2619.01A","XBP1_UP",33.9354879055238
"437","TCGA.19.2620.01A","RIDD_DOWN",20.5740180100686
"438","TCGA.19.2620.01A","RIDD_UP",18.0741709364495
"439","TCGA.19.2620.01A","XBP1_DOWN",23.9024531627317
"440","TCGA.19.2620.01A","XBP1_UP",34.2414989674656
"441","TCGA.19.2624.01A","RIDD_DOWN",20.186155044693
"442","TCGA.19.2624.01A","RIDD_UP",14.7618509717566
"443","TCGA.19.2624.01A","XBP1_DOWN",21.5727628964712
"444","TCGA.19.2624.01A","XBP1_UP",43.0362875807827
"445","TCGA.19.2625.01A","RIDD_DOWN",23.2550985964837
"446","TCGA.19.2625.01A","RIDD_UP",13.0647294649927
"447","TCGA.19.2625.01A","XBP1_DOWN",24.4209464700133
"448","TCGA.19.2625.01A","XBP1_UP",32.8621992022625
"449","TCGA.19.2629.01A","RIDD_DOWN",17.5790926020471
"450","TCGA.19.2629.01A","RIDD_UP",18.3337222105974
"451","TCGA.19.2629.01A","XBP1_DOWN",24.2839046809763
"452","TCGA.19.2629.01A","XBP1_UP",38.3610218910298
"453","TCGA.19.4065.01A","RIDD_DOWN",21.7613736134905
"454","TCGA.19.4065.01A","RIDD_UP",17.6857947331455
"455","TCGA.19.4065.01A","XBP1_DOWN",26.5389687753079
"456","TCGA.19.4065.01A","XBP1_UP",36.716979780002
"457","TCGA.19.4065.02A","RIDD_DOWN",18.7104849793771
"458","TCGA.19.4065.02A","RIDD_UP",17.911083899752
"459","TCGA.19.4065.02A","XBP1_DOWN",23.9696740231936
"460","TCGA.19.4065.02A","XBP1_UP",37.286880535793
"461","TCGA.19.5960.01A","RIDD_DOWN",18.0444129001099
"462","TCGA.19.5960.01A","RIDD_UP",15.1511771774756
"463","TCGA.19.5960.01A","XBP1_DOWN",20.9778017755512
"464","TCGA.19.5960.01A","XBP1_UP",41.3562261925053
"465","TCGA.26.1442.01A","RIDD_DOWN",18.7907272080619
"466","TCGA.26.1442.01A","RIDD_UP",16.1300444356543
"467","TCGA.26.1442.01A","XBP1_DOWN",20.0905016392421
"468","TCGA.26.1442.01A","XBP1_UP",33.9345011939585
"469","TCGA.26.5132.01A","RIDD_DOWN",21.5073019958825
"470","TCGA.26.5132.01A","RIDD_UP",17.3656694096482
"471","TCGA.26.5132.01A","XBP1_DOWN",21.3481409700173
"472","TCGA.26.5132.01A","XBP1_UP",37.724327409651
"473","TCGA.26.5133.01A","RIDD_DOWN",16.5979966025926
"474","TCGA.26.5133.01A","RIDD_UP",13.1995292373692
"475","TCGA.26.5133.01A","XBP1_DOWN",20.158346346562
"476","TCGA.26.5133.01A","XBP1_UP",32.5833139894311
"477","TCGA.26.5134.01A","RIDD_DOWN",14.5007935996714
"478","TCGA.26.5134.01A","RIDD_UP",15.1253060095074
"479","TCGA.26.5134.01A","XBP1_DOWN",24.3063490759016
"480","TCGA.26.5134.01A","XBP1_UP",29.0450648177812
"481","TCGA.26.5135.01A","RIDD_DOWN",17.6302002163768
"482","TCGA.26.5135.01A","RIDD_UP",20.5084496456312
"483","TCGA.26.5135.01A","XBP1_DOWN",24.6135069392701
"484","TCGA.26.5135.01A","XBP1_UP",36.8559242519195
"485","TCGA.26.5136.01B","RIDD_DOWN",17.6130655635806
"486","TCGA.26.5136.01B","RIDD_UP",15.6511725007404
"487","TCGA.26.5136.01B","XBP1_DOWN",21.8447695891507
"488","TCGA.26.5136.01B","XBP1_UP",33.9563231147693
"489","TCGA.26.5139.01A","RIDD_DOWN",22.538025250435
"490","TCGA.26.5139.01A","RIDD_UP",17.2282413751255
"491","TCGA.26.5139.01A","XBP1_DOWN",26.0864791410952
"492","TCGA.26.5139.01A","XBP1_UP",30.1277467643079
"493","TCGA.27.1830.01A","RIDD_DOWN",23.4585212102167
"494","TCGA.27.1830.01A","RIDD_UP",17.1845971606188
"495","TCGA.27.1830.01A","XBP1_DOWN",25.8081332103652
"496","TCGA.27.1830.01A","XBP1_UP",39.0547762092662
"497","TCGA.27.1831.01A","RIDD_DOWN",16.0226540145464
"498","TCGA.27.1831.01A","RIDD_UP",15.173168366835
"499","TCGA.27.1831.01A","XBP1_DOWN",25.2524910482493
"500","TCGA.27.1831.01A","XBP1_UP",30.1112394296983
"501","TCGA.27.1832.01A","RIDD_DOWN",24.2170150566554
"502","TCGA.27.1832.01A","RIDD_UP",12.2186435228027
"503","TCGA.27.1832.01A","XBP1_DOWN",29.1202834716213
"504","TCGA.27.1832.01A","XBP1_UP",31.3534082894909
"505","TCGA.27.1834.01A","RIDD_DOWN",17.0830498000905
"506","TCGA.27.1834.01A","RIDD_UP",13.7924895403474
"507","TCGA.27.1834.01A","XBP1_DOWN",22.7294088283077
"508","TCGA.27.1834.01A","XBP1_UP",32.5455190800523
"509","TCGA.27.1835.01A","RIDD_DOWN",16.3006834352719
"510","TCGA.27.1835.01A","RIDD_UP",13.3765808737385
"511","TCGA.27.1835.01A","XBP1_DOWN",17.5239479627323
"512","TCGA.27.1835.01A","XBP1_UP",26.0665954922682
"513","TCGA.27.1837.01A","RIDD_DOWN",16.2991024249564
"514","TCGA.27.1837.01A","RIDD_UP",14.9489958794951
"515","TCGA.27.1837.01A","XBP1_DOWN",20.2533018081812
"516","TCGA.27.1837.01A","XBP1_UP",28.6596876044089
"517","TCGA.27.2519.01A","RIDD_DOWN",20.1421339962945
"518","TCGA.27.2519.01A","RIDD_UP",13.9576166649135
"519","TCGA.27.2519.01A","XBP1_DOWN",25.675087339045
"520","TCGA.27.2519.01A","XBP1_UP",33.3944951915457
"521","TCGA.27.2521.01A","RIDD_DOWN",18.8155869348932
"522","TCGA.27.2521.01A","RIDD_UP",17.3026808882256
"523","TCGA.27.2521.01A","XBP1_DOWN",20.8087346262025
"524","TCGA.27.2521.01A","XBP1_UP",34.2728311311407
"525","TCGA.27.2523.01A","RIDD_DOWN",18.4358732724065
"526","TCGA.27.2523.01A","RIDD_UP",16.8394055847153
"527","TCGA.27.2523.01A","XBP1_DOWN",22.1005576173486
"528","TCGA.27.2523.01A","XBP1_UP",30.3988938782066
"529","TCGA.27.2524.01A","RIDD_DOWN",18.4811932226918
"530","TCGA.27.2524.01A","RIDD_UP",17.8743031795756
"531","TCGA.27.2524.01A","XBP1_DOWN",29.7011481033712
"532","TCGA.27.2524.01A","XBP1_UP",33.1356436208645
"533","TCGA.27.2526.01A","RIDD_DOWN",12.9145214081742
"534","TCGA.27.2526.01A","RIDD_UP",14.2273850114928
"535","TCGA.27.2526.01A","XBP1_DOWN",22.0264830142324
"536","TCGA.27.2526.01A","XBP1_UP",30.9583253350689
"537","TCGA.27.2528.01A","RIDD_DOWN",18.1781844128954
"538","TCGA.27.2528.01A","RIDD_UP",14.023589893442
"539","TCGA.27.2528.01A","XBP1_DOWN",21.7496021616558
"540","TCGA.27.2528.01A","XBP1_UP",29.0386908055093
"541","TCGA.28.1747.01C","RIDD_DOWN",15.6233657239172
"542","TCGA.28.1747.01C","RIDD_UP",16.5235616511765
"543","TCGA.28.1747.01C","XBP1_DOWN",20.4397097698751
"544","TCGA.28.1747.01C","XBP1_UP",37.27786806735
"545","TCGA.28.1753.01A","RIDD_DOWN",17.1339913164065
"546","TCGA.28.1753.01A","RIDD_UP",17.5221733686157
"547","TCGA.28.1753.01A","XBP1_DOWN",22.67544926246
"548","TCGA.28.1753.01A","XBP1_UP",33.5930302054679
"549","TCGA.28.2499.01A","RIDD_DOWN",17.7919602654406
"550","TCGA.28.2499.01A","RIDD_UP",11.9229869266097
"551","TCGA.28.2499.01A","XBP1_DOWN",19.8234206030859
"552","TCGA.28.2499.01A","XBP1_UP",24.9899291643878
"553","TCGA.28.2509.01A","RIDD_DOWN",20.980735402416
"554","TCGA.28.2509.01A","RIDD_UP",12.4033529319217
"555","TCGA.28.2509.01A","XBP1_DOWN",29.0169532793617
"556","TCGA.28.2509.01A","XBP1_UP",30.3764465255756
"557","TCGA.28.2510.01A","RIDD_DOWN",20.1045914670888
"558","TCGA.28.2510.01A","RIDD_UP",21.7231521676343
"559","TCGA.28.2510.01A","XBP1_DOWN",22.0177246853564
"560","TCGA.28.2510.01A","XBP1_UP",40.4039413681794
"561","TCGA.28.2513.01A","RIDD_DOWN",22.1742454653012
"562","TCGA.28.2513.01A","RIDD_UP",15.3832625064136
"563","TCGA.28.2513.01A","XBP1_DOWN",28.9195740427057
"564","TCGA.28.2513.01A","XBP1_UP",28.6356567271035
"565","TCGA.28.2514.01A","RIDD_DOWN",19.970497980589
"566","TCGA.28.2514.01A","RIDD_UP",17.2050896245752
"567","TCGA.28.2514.01A","XBP1_DOWN",23.6628233337785
"568","TCGA.28.2514.01A","XBP1_UP",34.1573972989732
"569","TCGA.28.5204.01A","RIDD_DOWN",16.5368895483977
"570","TCGA.28.5204.01A","RIDD_UP",13.6125035317155
"571","TCGA.28.5204.01A","XBP1_DOWN",20.1142229979786
"572","TCGA.28.5204.01A","XBP1_UP",30.6948272568278
"573","TCGA.28.5207.01A","RIDD_DOWN",18.0690239573651
"574","TCGA.28.5207.01A","RIDD_UP",16.3502524119408
"575","TCGA.28.5207.01A","XBP1_DOWN",24.4838739869672
"576","TCGA.28.5207.01A","XBP1_UP",38.7787637657807
"577","TCGA.28.5208.01A","RIDD_DOWN",16.896100521729
"578","TCGA.28.5208.01A","RIDD_UP",16.1068720859532
"579","TCGA.28.5208.01A","XBP1_DOWN",24.6255022547032
"580","TCGA.28.5208.01A","XBP1_UP",31.1890496896562
"581","TCGA.28.5209.01A","RIDD_DOWN",18.5567966005453
"582","TCGA.28.5209.01A","RIDD_UP",14.7098948118789
"583","TCGA.28.5209.01A","XBP1_DOWN",20.8158950980312
"584","TCGA.28.5209.01A","XBP1_UP",28.7774283364914
"585","TCGA.28.5213.01A","RIDD_DOWN",18.8728991405799
"586","TCGA.28.5213.01A","RIDD_UP",15.1350484300393
"587","TCGA.28.5213.01A","XBP1_DOWN",24.0145188250138
"588","TCGA.28.5213.01A","XBP1_UP",32.3534329579369
"589","TCGA.28.5215.01A","RIDD_DOWN",20.7547289668751
"590","TCGA.28.5215.01A","RIDD_UP",20.4481970039675
"591","TCGA.28.5215.01A","XBP1_DOWN",26.2807535528857
"592","TCGA.28.5215.01A","XBP1_UP",41.9070028093022
"593","TCGA.28.5216.01A","RIDD_DOWN",18.3309035471471
"594","TCGA.28.5216.01A","RIDD_UP",16.5313939507382
"595","TCGA.28.5216.01A","XBP1_DOWN",23.6844946026631
"596","TCGA.28.5216.01A","XBP1_UP",33.603112965822
"597","TCGA.28.5218.01A","RIDD_DOWN",16.6671290309015
"598","TCGA.28.5218.01A","RIDD_UP",15.7119123675936
"599","TCGA.28.5218.01A","XBP1_DOWN",21.4967094851144
"600","TCGA.28.5218.01A","XBP1_UP",30.4022665444179
"601","TCGA.28.5220.01A","RIDD_DOWN",17.0377501074162
"602","TCGA.28.5220.01A","RIDD_UP",15.1258742240047
"603","TCGA.28.5220.01A","XBP1_DOWN",26.5486862372706
"604","TCGA.28.5220.01A","XBP1_UP",34.092640859113
"605","TCGA.32.1970.01A","RIDD_DOWN",21.0311611203953
"606","TCGA.32.1970.01A","RIDD_UP",13.6205364806449
"607","TCGA.32.1970.01A","XBP1_DOWN",23.4426356882867
"608","TCGA.32.1970.01A","XBP1_UP",36.9405448338487
"609","TCGA.32.1980.01A","RIDD_DOWN",20.3415380466245
"610","TCGA.32.1980.01A","RIDD_UP",21.5740101662003
"611","TCGA.32.1980.01A","XBP1_DOWN",28.2811150139323
"612","TCGA.32.1980.01A","XBP1_UP",37.5754620565972
"613","TCGA.32.1982.01A","RIDD_DOWN",15.6910782778562
"614","TCGA.32.1982.01A","RIDD_UP",15.5166009692821
"615","TCGA.32.1982.01A","XBP1_DOWN",20.4317060175622
"616","TCGA.32.1982.01A","XBP1_UP",28.6741158488523
"617","TCGA.32.2615.01A","RIDD_DOWN",24.2759026799069
"618","TCGA.32.2615.01A","RIDD_UP",19.6035597889458
"619","TCGA.32.2615.01A","XBP1_DOWN",29.0364373423308
"620","TCGA.32.2615.01A","XBP1_UP",38.0470323962986
"621","TCGA.32.2616.01A","RIDD_DOWN",17.9706852052756
"622","TCGA.32.2616.01A","RIDD_UP",18.1674169189969
"623","TCGA.32.2616.01A","XBP1_DOWN",22.099914881254
"624","TCGA.32.2616.01A","XBP1_UP",40.4380398741717
"625","TCGA.32.2632.01A","RIDD_DOWN",18.6109751683761
"626","TCGA.32.2632.01A","RIDD_UP",13.9228776791957
"627","TCGA.32.2632.01A","XBP1_DOWN",24.9493540070594
"628","TCGA.32.2632.01A","XBP1_UP",33.5420267922893
"629","TCGA.32.2634.01A","RIDD_DOWN",21.3381747174271
"630","TCGA.32.2634.01A","RIDD_UP",20.1760986267027
"631","TCGA.32.2634.01A","XBP1_DOWN",27.3999627849617
"632","TCGA.32.2634.01A","XBP1_UP",44.9458077836992
"633","TCGA.32.2638.01A","RIDD_DOWN",21.3053329171873
"634","TCGA.32.2638.01A","RIDD_UP",17.094225887107
"635","TCGA.32.2638.01A","XBP1_DOWN",26.8322039645275
"636","TCGA.32.2638.01A","XBP1_UP",31.1271494202872
"637","TCGA.32.4213.01A","RIDD_DOWN",16.5873945176359
"638","TCGA.32.4213.01A","RIDD_UP",13.4464338410768
"639","TCGA.32.4213.01A","XBP1_DOWN",27.6482846664104
"640","TCGA.32.4213.01A","XBP1_UP",26.5637874427795
"641","TCGA.32.5222.01A","RIDD_DOWN",17.0065996836382
"642","TCGA.32.5222.01A","RIDD_UP",19.0713527501246
"643","TCGA.32.5222.01A","XBP1_DOWN",23.3870479064536
"644","TCGA.32.5222.01A","XBP1_UP",36.7049046898209
"645","TCGA.41.2571.01A","RIDD_DOWN",20.0634927542981
"646","TCGA.41.2571.01A","RIDD_UP",20.0211281068465
"647","TCGA.41.2571.01A","XBP1_DOWN",27.8464747379049
"648","TCGA.41.2571.01A","XBP1_UP",44.7806178376679
"649","TCGA.41.2572.01A","RIDD_DOWN",21.0350908122958
"650","TCGA.41.2572.01A","RIDD_UP",16.6959985208726
"651","TCGA.41.2572.01A","XBP1_DOWN",24.3039853343249
"652","TCGA.41.2572.01A","XBP1_UP",31.3274038688455
"653","TCGA.41.3915.01A","RIDD_DOWN",23.2661382816948
"654","TCGA.41.3915.01A","RIDD_UP",18.4794668387343
"655","TCGA.41.3915.01A","XBP1_DOWN",31.5352179345434
"656","TCGA.41.3915.01A","XBP1_UP",38.3752447230068
"657","TCGA.41.4097.01A","RIDD_DOWN",21.2554951715473
"658","TCGA.41.4097.01A","RIDD_UP",16.8821080485078
"659","TCGA.41.4097.01A","XBP1_DOWN",28.5966641816911
"660","TCGA.41.4097.01A","XBP1_UP",31.4724482302119
"661","TCGA.41.5651.01A","RIDD_DOWN",17.7277001192563
"662","TCGA.41.5651.01A","RIDD_UP",18.9888616048777
"663","TCGA.41.5651.01A","XBP1_DOWN",22.211143386432
"664","TCGA.41.5651.01A","XBP1_UP",43.4536259988774
"665","TCGA.76.4925.01A","RIDD_DOWN",22.0700758454948
"666","TCGA.76.4925.01A","RIDD_UP",16.4650998322258
"667","TCGA.76.4925.01A","XBP1_DOWN",23.9129789692131
"668","TCGA.76.4925.01A","XBP1_UP",32.3034830226216
"669","TCGA.76.4926.01B","RIDD_DOWN",20.3199808001124
"670","TCGA.76.4926.01B","RIDD_UP",16.5858432734505
"671","TCGA.76.4926.01B","XBP1_DOWN",21.8791869235251
"672","TCGA.76.4926.01B","XBP1_UP",38.095795430237
"673","TCGA.76.4927.01A","RIDD_DOWN",18.7272579085805
"674","TCGA.76.4927.01A","RIDD_UP",20.2756865436656
"675","TCGA.76.4927.01A","XBP1_DOWN",26.6932589400108
"676","TCGA.76.4927.01A","XBP1_UP",34.122026235855
"677","TCGA.76.4928.01B","RIDD_DOWN",21.1981994631812
"678","TCGA.76.4928.01B","RIDD_UP",18.6856923532282
"679","TCGA.76.4928.01B","XBP1_DOWN",28.9973545148175
"680","TCGA.76.4928.01B","XBP1_UP",37.98331651628
"681","TCGA.76.4929.01A","RIDD_DOWN",20.8561841154249
"682","TCGA.76.4929.01A","RIDD_UP",17.999136042741
"683","TCGA.76.4929.01A","XBP1_DOWN",23.9848302484372
"684","TCGA.76.4929.01A","XBP1_UP",39.9184806716309
"685","TCGA.76.4931.01A","RIDD_DOWN",22.827718067815
"686","TCGA.76.4931.01A","RIDD_UP",15.991796202817
"687","TCGA.76.4931.01A","XBP1_DOWN",23.4526967553081
"688","TCGA.76.4931.01A","XBP1_UP",36.3712723904226
"689","TCGA.76.4932.01A","RIDD_DOWN",17.4911070753556
"690","TCGA.76.4932.01A","RIDD_UP",13.0094305790406
"691","TCGA.76.4932.01A","XBP1_DOWN",22.3640473355207
"692","TCGA.76.4932.01A","XBP1_UP",30.6903092659691
