"Sample";"BaseName";"Score"
"TCGA.02.0047.01A";"RIDD_DOWN";15,2504900827479
"TCGA.02.0047.01A";"RIDD_UP";21,6784310063113
"TCGA.02.0047.01A";"XBP1_DOWN";38,960536190154
"TCGA.02.0047.01A";"XBP1_UP";19,1435177165898
"TCGA.02.0055.01A";"RIDD_DOWN";15,6270348318474
"TCGA.02.0055.01A";"RIDD_UP";19,1643525347142
"TCGA.02.0055.01A";"XBP1_DOWN";45,9802573044645
"TCGA.02.0055.01A";"XBP1_UP";18,2170137975325
"TCGA.02.2483.01A";"RIDD_DOWN";12,084395353119
"TCGA.02.2483.01A";"RIDD_UP";21,9299852958307
"TCGA.02.2483.01A";"XBP1_DOWN";35,1078731630655
"TCGA.02.2483.01A";"XBP1_UP";23,468392734287
"TCGA.02.2485.01A";"RIDD_DOWN";11,6611409314516
"TCGA.02.2485.01A";"RIDD_UP";19,4597475821546
"TCGA.02.2485.01A";"XBP1_DOWN";36,4196393286089
"TCGA.02.2485.01A";"XBP1_UP";25,3736548217201
"TCGA.02.2486.01A";"RIDD_DOWN";18,5356688547438
"TCGA.02.2486.01A";"RIDD_UP";15,9415343098659
"TCGA.02.2486.01A";"XBP1_DOWN";44,1899959655263
"TCGA.02.2486.01A";"XBP1_UP";12,9916687186934
"TCGA.06.0125.01A";"RIDD_DOWN";13,2827077485502
"TCGA.06.0125.01A";"RIDD_UP";23,7843477670897
"TCGA.06.0125.01A";"XBP1_DOWN";33,8576300820804
"TCGA.06.0125.01A";"XBP1_UP";17,7368785021351
"TCGA.06.0125.02A";"RIDD_DOWN";18,3967858195008
"TCGA.06.0125.02A";"RIDD_UP";20,1580771203892
"TCGA.06.0125.02A";"XBP1_DOWN";39,5985750171719
"TCGA.06.0125.02A";"XBP1_UP";16,0667165557132
"TCGA.06.0129.01A";"RIDD_DOWN";14,0091561839709
"TCGA.06.0129.01A";"RIDD_UP";21,731538521877
"TCGA.06.0129.01A";"XBP1_DOWN";39,9219379112376
"TCGA.06.0129.01A";"XBP1_UP";23,7237588922626
"TCGA.06.0130.01A";"RIDD_DOWN";13,2761511984114
"TCGA.06.0130.01A";"RIDD_UP";22,2266609274275
"TCGA.06.0130.01A";"XBP1_DOWN";41,5977671495839
"TCGA.06.0130.01A";"XBP1_UP";17,3389761344032
"TCGA.06.0132.01A";"RIDD_DOWN";21,564554334664
"TCGA.06.0132.01A";"RIDD_UP";19,0784416385508
"TCGA.06.0132.01A";"XBP1_DOWN";46,7351807339275
"TCGA.06.0132.01A";"XBP1_UP";18,1417469429242
"TCGA.06.0138.01A";"RIDD_DOWN";18,3877861594588
"TCGA.06.0138.01A";"RIDD_UP";21,0960948208796
"TCGA.06.0138.01A";"XBP1_DOWN";45,2337071441672
"TCGA.06.0138.01A";"XBP1_UP";22,2251824227669
"TCGA.06.0139.01A";"RIDD_DOWN";17,0250850836151
"TCGA.06.0139.01A";"RIDD_UP";16,6733864401226
"TCGA.06.0139.01A";"XBP1_DOWN";41,7356581056935
"TCGA.06.0139.01A";"XBP1_UP";13,0099568177547
"TCGA.06.0141.01A";"RIDD_DOWN";19,2841369563527
"TCGA.06.0141.01A";"RIDD_UP";23,5397600397178
"TCGA.06.0141.01A";"XBP1_DOWN";49,0111320173593
"TCGA.06.0141.01A";"XBP1_UP";17,9511331450498
"TCGA.06.0152.02A";"RIDD_DOWN";15,3613255759278
"TCGA.06.0152.02A";"RIDD_UP";23,5775051327414
"TCGA.06.0152.02A";"XBP1_DOWN";40,3124887448552
"TCGA.06.0152.02A";"XBP1_UP";17,46285659854
"TCGA.06.0156.01A";"RIDD_DOWN";17,8930226342871
"TCGA.06.0156.01A";"RIDD_UP";23,7202177917293
"TCGA.06.0156.01A";"XBP1_DOWN";43,0742953685178
"TCGA.06.0156.01A";"XBP1_UP";24,2918912086275
"TCGA.06.0157.01A";"RIDD_DOWN";13,3613909651425
"TCGA.06.0157.01A";"RIDD_UP";22,2097503155171
"TCGA.06.0157.01A";"XBP1_DOWN";36,65568399035
"TCGA.06.0157.01A";"XBP1_UP";23,0165160623807
"TCGA.06.0158.01A";"RIDD_DOWN";19,0079344656616
"TCGA.06.0158.01A";"RIDD_UP";23,1555664551389
"TCGA.06.0158.01A";"XBP1_DOWN";43,5681678227927
"TCGA.06.0158.01A";"XBP1_UP";18,7687568497182
"TCGA.06.0168.01A";"RIDD_DOWN";15,9351235743064
"TCGA.06.0168.01A";"RIDD_UP";14,0075880140288
"TCGA.06.0168.01A";"XBP1_DOWN";36,0381261078341
"TCGA.06.0168.01A";"XBP1_UP";17,0604568832617
"TCGA.06.0171.02A";"RIDD_DOWN";21,8587655551751
"TCGA.06.0171.02A";"RIDD_UP";20,6082649268544
"TCGA.06.0171.02A";"XBP1_DOWN";51,4080752195461
"TCGA.06.0171.02A";"XBP1_UP";15,1686378394374
"TCGA.06.0174.01A";"RIDD_DOWN";15,6226652572479
"TCGA.06.0174.01A";"RIDD_UP";20,7971728075903
"TCGA.06.0174.01A";"XBP1_DOWN";38,347955094903
"TCGA.06.0174.01A";"XBP1_UP";25,6205284691879
"TCGA.06.0178.01A";"RIDD_DOWN";14,4029938569887
"TCGA.06.0178.01A";"RIDD_UP";18,1022945633075
"TCGA.06.0178.01A";"XBP1_DOWN";39,1066522334799
"TCGA.06.0178.01A";"XBP1_UP";20,9567969871094
"TCGA.06.0184.01A";"RIDD_DOWN";18,1233281090835
"TCGA.06.0184.01A";"RIDD_UP";21,2577114594043
"TCGA.06.0184.01A";"XBP1_DOWN";45,4172553808867
"TCGA.06.0184.01A";"XBP1_UP";20,4010654435273
"TCGA.06.0187.01A";"RIDD_DOWN";12,5892864294678
"TCGA.06.0187.01A";"RIDD_UP";20,8401426271856
"TCGA.06.0187.01A";"XBP1_DOWN";36,6571012704828
"TCGA.06.0187.01A";"XBP1_UP";18,0949885833462
"TCGA.06.0190.01A";"RIDD_DOWN";16,8433405794554
"TCGA.06.0190.01A";"RIDD_UP";22,0789638912795
"TCGA.06.0190.01A";"XBP1_DOWN";45,6534418566105
"TCGA.06.0190.01A";"XBP1_UP";20,5767076706121
"TCGA.06.0190.02A";"RIDD_DOWN";13,0116245578883
"TCGA.06.0190.02A";"RIDD_UP";20,1743257071726
"TCGA.06.0190.02A";"XBP1_DOWN";40,1077418301645
"TCGA.06.0190.02A";"XBP1_UP";17,5557527111189
"TCGA.06.0210.01A";"RIDD_DOWN";19,0274810372389
"TCGA.06.0210.01A";"RIDD_UP";20,264627824156
"TCGA.06.0210.01A";"XBP1_DOWN";45,706567900853
"TCGA.06.0210.01A";"XBP1_UP";19,5998883319804
"TCGA.06.0210.02A";"RIDD_DOWN";18,6912852011833
"TCGA.06.0210.02A";"RIDD_UP";20,7918988259652
"TCGA.06.0210.02A";"XBP1_DOWN";45,2846866380727
"TCGA.06.0210.02A";"XBP1_UP";23,8093486436692
"TCGA.06.0211.01A";"RIDD_DOWN";14,8796898347061
"TCGA.06.0211.01A";"RIDD_UP";22,3907236245399
"TCGA.06.0211.01A";"XBP1_DOWN";38,4236591186661
"TCGA.06.0211.01A";"XBP1_UP";16,8093100812328
"TCGA.06.0211.01B";"RIDD_DOWN";13,1808182004693
"TCGA.06.0211.01B";"RIDD_UP";21,4801118644621
"TCGA.06.0211.01B";"XBP1_DOWN";35,4992607196729
"TCGA.06.0211.01B";"XBP1_UP";18,8630867630058
"TCGA.06.0211.02A";"RIDD_DOWN";16,8773212178538
"TCGA.06.0211.02A";"RIDD_UP";21,3993541908195
"TCGA.06.0211.02A";"XBP1_DOWN";44,4804044004649
"TCGA.06.0211.02A";"XBP1_UP";18,2242354152586
"TCGA.06.0219.01A";"RIDD_DOWN";18,6181278357198
"TCGA.06.0219.01A";"RIDD_UP";18,9852481403629
"TCGA.06.0219.01A";"XBP1_DOWN";44,6311703699454
"TCGA.06.0219.01A";"XBP1_UP";19,4031840878404
"TCGA.06.0221.02A";"RIDD_DOWN";14,9003154268088
"TCGA.06.0221.02A";"RIDD_UP";21,0188678668726
"TCGA.06.0221.02A";"XBP1_DOWN";36,3915084704015
"TCGA.06.0221.02A";"XBP1_UP";24,6254944181655
"TCGA.06.0238.01A";"RIDD_DOWN";18,0094586784856
"TCGA.06.0238.01A";"RIDD_UP";19,5487835923218
"TCGA.06.0238.01A";"XBP1_DOWN";48,0965525798885
"TCGA.06.0238.01A";"XBP1_UP";27,2107297518193
"TCGA.06.0644.01A";"RIDD_DOWN";15,3375351975451
"TCGA.06.0644.01A";"RIDD_UP";20,3632630587724
"TCGA.06.0644.01A";"XBP1_DOWN";44,01458925898
"TCGA.06.0644.01A";"XBP1_UP";17,3186938983135
"TCGA.06.0645.01A";"RIDD_DOWN";20,9370076511149
"TCGA.06.0645.01A";"RIDD_UP";21,2091391610388
"TCGA.06.0645.01A";"XBP1_DOWN";48,1523893838018
"TCGA.06.0645.01A";"XBP1_UP";19,6183348414807
"TCGA.06.0646.01A";"RIDD_DOWN";18,6942409885441
"TCGA.06.0646.01A";"RIDD_UP";22,5130296793524
"TCGA.06.0646.01A";"XBP1_DOWN";42,4180897454133
"TCGA.06.0646.01A";"XBP1_UP";20,9339730496582
"TCGA.06.0649.01B";"RIDD_DOWN";12,6483031528575
"TCGA.06.0649.01B";"RIDD_UP";22,4001640581122
"TCGA.06.0649.01B";"XBP1_DOWN";40,0523676217283
"TCGA.06.0649.01B";"XBP1_UP";22,2419899382293
"TCGA.06.0675.11A";"RIDD_DOWN";14,0928700272754
"TCGA.06.0675.11A";"RIDD_UP";18,7325312384489
"TCGA.06.0675.11A";"XBP1_DOWN";36,1995027102055
"TCGA.06.0675.11A";"XBP1_UP";15,5569612704564
"TCGA.06.0678.11A";"RIDD_DOWN";16,5671120817617
"TCGA.06.0678.11A";"RIDD_UP";17,28879168826
"TCGA.06.0678.11A";"XBP1_DOWN";38,5699451915464
"TCGA.06.0678.11A";"XBP1_UP";14,6722765332838
"TCGA.06.0680.11A";"RIDD_DOWN";14,2183825139216
"TCGA.06.0680.11A";"RIDD_UP";19,0243393360167
"TCGA.06.0680.11A";"XBP1_DOWN";35,397257246048
"TCGA.06.0680.11A";"XBP1_UP";16,0962198430575
"TCGA.06.0681.11A";"RIDD_DOWN";15,7718949195148
"TCGA.06.0681.11A";"RIDD_UP";18,5071378989061
"TCGA.06.0681.11A";"XBP1_DOWN";38,0613315583337
"TCGA.06.0681.11A";"XBP1_UP";15,2520935624667
"TCGA.06.0686.01A";"RIDD_DOWN";16,5690314088151
"TCGA.06.0686.01A";"RIDD_UP";18,7373790498073
"TCGA.06.0686.01A";"XBP1_DOWN";37,616890055017
"TCGA.06.0686.01A";"XBP1_UP";23,0838878047953
"TCGA.06.0743.01A";"RIDD_DOWN";15,5943849540529
"TCGA.06.0743.01A";"RIDD_UP";23,2106352055122
"TCGA.06.0743.01A";"XBP1_DOWN";40,7681649300976
"TCGA.06.0743.01A";"XBP1_UP";18,1126939903884
"TCGA.06.0744.01A";"RIDD_DOWN";13,8308543835492
"TCGA.06.0744.01A";"RIDD_UP";21,9874094605523
"TCGA.06.0744.01A";"XBP1_DOWN";35,0644038327386
"TCGA.06.0744.01A";"XBP1_UP";16,7444764885651
"TCGA.06.0745.01A";"RIDD_DOWN";14,6756338923898
"TCGA.06.0745.01A";"RIDD_UP";23,3989886877098
"TCGA.06.0745.01A";"XBP1_DOWN";42,6910110756746
"TCGA.06.0745.01A";"XBP1_UP";21,8275912019112
"TCGA.06.0747.01A";"RIDD_DOWN";12,4367316449023
"TCGA.06.0747.01A";"RIDD_UP";20,9842044477559
"TCGA.06.0747.01A";"XBP1_DOWN";35,8586477989707
"TCGA.06.0747.01A";"XBP1_UP";16,5640760493569
"TCGA.06.0749.01A";"RIDD_DOWN";16,8451363681114
"TCGA.06.0749.01A";"RIDD_UP";18,3734691163053
"TCGA.06.0749.01A";"XBP1_DOWN";43,2482855475184
"TCGA.06.0749.01A";"XBP1_UP";20,0167435362522
"TCGA.06.0750.01A";"RIDD_DOWN";16,3943493975448
"TCGA.06.0750.01A";"RIDD_UP";21,5075614652681
"TCGA.06.0750.01A";"XBP1_DOWN";41,8659661135228
"TCGA.06.0750.01A";"XBP1_UP";18,5863821952813
"TCGA.06.0878.01A";"RIDD_DOWN";15,9032124026779
"TCGA.06.0878.01A";"RIDD_UP";19,2522244260474
"TCGA.06.0878.01A";"XBP1_DOWN";35,3404939742861
"TCGA.06.0878.01A";"XBP1_UP";16,3242201034819
"TCGA.06.0882.01A";"RIDD_DOWN";18,7428625565979
"TCGA.06.0882.01A";"RIDD_UP";21,5568242890626
"TCGA.06.0882.01A";"XBP1_DOWN";44,1438818484989
"TCGA.06.0882.01A";"XBP1_UP";16,5423131623371
"TCGA.06.1804.01A";"RIDD_DOWN";11,9967010249163
"TCGA.06.1804.01A";"RIDD_UP";24,0097521734819
"TCGA.06.1804.01A";"XBP1_DOWN";36,0322986039062
"TCGA.06.1804.01A";"XBP1_UP";22,974618726405
"TCGA.06.2557.01A";"RIDD_DOWN";16,6548302131994
"TCGA.06.2557.01A";"RIDD_UP";21,8379467256402
"TCGA.06.2557.01A";"XBP1_DOWN";42,7606640731983
"TCGA.06.2557.01A";"XBP1_UP";22,0345628096591
"TCGA.06.2558.01A";"RIDD_DOWN";17,6699727885661
"TCGA.06.2558.01A";"RIDD_UP";22,304758973323
"TCGA.06.2558.01A";"XBP1_DOWN";41,0135276480992
"TCGA.06.2558.01A";"XBP1_UP";25,644774378518
"TCGA.06.2559.01A";"RIDD_DOWN";15,4977423334257
"TCGA.06.2559.01A";"RIDD_UP";22,9092882729774
"TCGA.06.2559.01A";"XBP1_DOWN";39,354922422802
"TCGA.06.2559.01A";"XBP1_UP";22,8078580526087
"TCGA.06.2561.01A";"RIDD_DOWN";15,3125461950529
"TCGA.06.2561.01A";"RIDD_UP";22,0040471634511
"TCGA.06.2561.01A";"XBP1_DOWN";42,2397683133977
"TCGA.06.2561.01A";"XBP1_UP";18,062246092508
"TCGA.06.2562.01A";"RIDD_DOWN";16,3318561088004
"TCGA.06.2562.01A";"RIDD_UP";23,1091476648537
"TCGA.06.2562.01A";"XBP1_DOWN";40,7361339414626
"TCGA.06.2562.01A";"XBP1_UP";18,1292322112748
"TCGA.06.2563.01A";"RIDD_DOWN";13,5234456052609
"TCGA.06.2563.01A";"RIDD_UP";22,2163413886752
"TCGA.06.2563.01A";"XBP1_DOWN";33,5078520484455
"TCGA.06.2563.01A";"XBP1_UP";16,2484979182266
"TCGA.06.2564.01A";"RIDD_DOWN";16,6949144705034
"TCGA.06.2564.01A";"RIDD_UP";22,9570817054417
"TCGA.06.2564.01A";"XBP1_DOWN";40,1482057026457
"TCGA.06.2564.01A";"XBP1_UP";21,9501223034301
"TCGA.06.2565.01A";"RIDD_DOWN";12,6365463551311
"TCGA.06.2565.01A";"RIDD_UP";23,527166458854
"TCGA.06.2565.01A";"XBP1_DOWN";34,8994931819886
"TCGA.06.2565.01A";"XBP1_UP";15,5552542623677
"TCGA.06.2567.01A";"RIDD_DOWN";18,0981023481251
"TCGA.06.2567.01A";"RIDD_UP";22,7413715037117
"TCGA.06.2567.01A";"XBP1_DOWN";43,5477322079199
"TCGA.06.2567.01A";"XBP1_UP";21,9061403830023
"TCGA.06.2569.01A";"RIDD_DOWN";9,50853721706368
"TCGA.06.2569.01A";"RIDD_UP";24,1019888701977
"TCGA.06.2569.01A";"XBP1_DOWN";30,4666249369239
"TCGA.06.2569.01A";"XBP1_UP";19,7985501757182
"TCGA.06.2570.01A";"RIDD_DOWN";16,5309958850864
"TCGA.06.2570.01A";"RIDD_UP";23,4643041100353
"TCGA.06.2570.01A";"XBP1_DOWN";42,4749966811443
"TCGA.06.2570.01A";"XBP1_UP";21,4920852001638
"TCGA.06.5408.01A";"RIDD_DOWN";14,0820522284805
"TCGA.06.5408.01A";"RIDD_UP";20,6468578362059
"TCGA.06.5408.01A";"XBP1_DOWN";35,8351825810927
"TCGA.06.5408.01A";"XBP1_UP";22,320148595094
"TCGA.06.5410.01A";"RIDD_DOWN";22,7657882627551
"TCGA.06.5410.01A";"RIDD_UP";20,7473086730837
"TCGA.06.5410.01A";"XBP1_DOWN";54,2447376021745
"TCGA.06.5410.01A";"XBP1_UP";16,8495700527655
"TCGA.06.5411.01A";"RIDD_DOWN";20,1050918758751
"TCGA.06.5411.01A";"RIDD_UP";21,4609133223472
"TCGA.06.5411.01A";"XBP1_DOWN";47,9349559050314
"TCGA.06.5411.01A";"XBP1_UP";23,7991864618983
"TCGA.06.5412.01A";"RIDD_DOWN";16,5589379526864
"TCGA.06.5412.01A";"RIDD_UP";21,8708933834518
"TCGA.06.5412.01A";"XBP1_DOWN";45,0693350630567
"TCGA.06.5412.01A";"XBP1_UP";18,973306046257
"TCGA.06.5413.01A";"RIDD_DOWN";14,7166508890579
"TCGA.06.5413.01A";"RIDD_UP";21,9985271211581
"TCGA.06.5413.01A";"XBP1_DOWN";39,6790140195454
"TCGA.06.5413.01A";"XBP1_UP";22,3689244857483
"TCGA.06.5414.01A";"RIDD_DOWN";17,0755331155322
"TCGA.06.5414.01A";"RIDD_UP";21,65299865128
"TCGA.06.5414.01A";"XBP1_DOWN";44,2876062166503
"TCGA.06.5414.01A";"XBP1_UP";16,3383849143558
"TCGA.06.5416.01A";"RIDD_DOWN";12,9699919874737
"TCGA.06.5416.01A";"RIDD_UP";20,1840829291668
"TCGA.06.5416.01A";"XBP1_DOWN";33,2692846560496
"TCGA.06.5416.01A";"XBP1_UP";22,9283443237041
"TCGA.06.5417.01A";"RIDD_DOWN";9,0814772714624
"TCGA.06.5417.01A";"RIDD_UP";15,8891957718431
"TCGA.06.5417.01A";"XBP1_DOWN";27,6681877799203
"TCGA.06.5417.01A";"XBP1_UP";15,4087823329403
"TCGA.06.5418.01A";"RIDD_DOWN";14,9904042801761
"TCGA.06.5418.01A";"RIDD_UP";21,7762880273324
"TCGA.06.5418.01A";"XBP1_DOWN";39,4822587260964
"TCGA.06.5418.01A";"XBP1_UP";19,0561327011211
"TCGA.06.5856.01A";"RIDD_DOWN";15,2400651439398
"TCGA.06.5856.01A";"RIDD_UP";23,3170769816781
"TCGA.06.5856.01A";"XBP1_DOWN";37,1076307309332
"TCGA.06.5856.01A";"XBP1_UP";23,0578100206612
"TCGA.06.5858.01A";"RIDD_DOWN";17,5680438416311
"TCGA.06.5858.01A";"RIDD_UP";23,3119474764362
"TCGA.06.5858.01A";"XBP1_DOWN";41,2962149380259
"TCGA.06.5858.01A";"XBP1_UP";24,5684075828142
"TCGA.06.5859.01A";"RIDD_DOWN";9,93096693667209
"TCGA.06.5859.01A";"RIDD_UP";17,7006426696007
"TCGA.06.5859.01A";"XBP1_DOWN";36,7103999546815
"TCGA.06.5859.01A";"XBP1_UP";27,4936081227617
"TCGA.06.AABW.11A";"RIDD_DOWN";17,0144579317979
"TCGA.06.AABW.11A";"RIDD_UP";15,992120273143
"TCGA.06.AABW.11A";"XBP1_DOWN";36,094746794794
"TCGA.06.AABW.11A";"XBP1_UP";13,0006459368754
"TCGA.08.0386.01A";"RIDD_DOWN";15,4663346607485
"TCGA.08.0386.01A";"RIDD_UP";23,0982521121764
"TCGA.08.0386.01A";"XBP1_DOWN";38,8612497914815
"TCGA.08.0386.01A";"XBP1_UP";26,2534214238657
"TCGA.12.0616.01A";"RIDD_DOWN";10,3441031842086
"TCGA.12.0616.01A";"RIDD_UP";17,8301612460881
"TCGA.12.0616.01A";"XBP1_DOWN";33,8068365990298
"TCGA.12.0616.01A";"XBP1_UP";21,4329574226435
"TCGA.12.0618.01A";"RIDD_DOWN";15,614213316914
"TCGA.12.0618.01A";"RIDD_UP";21,4270152299772
"TCGA.12.0618.01A";"XBP1_DOWN";41,4043040881464
"TCGA.12.0618.01A";"XBP1_UP";29,8865409949037
"TCGA.12.0619.01A";"RIDD_DOWN";13,5311854773996
"TCGA.12.0619.01A";"RIDD_UP";23,639408455905
"TCGA.12.0619.01A";"XBP1_DOWN";40,221958170756
"TCGA.12.0619.01A";"XBP1_UP";24,6526494737836
"TCGA.12.0821.01A";"RIDD_DOWN";18,9895243635114
"TCGA.12.0821.01A";"RIDD_UP";22,1904185265889
"TCGA.12.0821.01A";"XBP1_DOWN";40,6304821689129
"TCGA.12.0821.01A";"XBP1_UP";24,5178942183958
"TCGA.12.1597.01B";"RIDD_DOWN";17,5793869464828
"TCGA.12.1597.01B";"RIDD_UP";18,3276160656664
"TCGA.12.1597.01B";"XBP1_DOWN";45,6647153518881
"TCGA.12.1597.01B";"XBP1_UP";23,7123990979366
"TCGA.12.3650.01A";"RIDD_DOWN";13,5094249692689
"TCGA.12.3650.01A";"RIDD_UP";18,1315022202072
"TCGA.12.3650.01A";"XBP1_DOWN";35,1135806404595
"TCGA.12.3650.01A";"XBP1_UP";18,3409263857623
"TCGA.12.3652.01A";"RIDD_DOWN";13,769633838881
"TCGA.12.3652.01A";"RIDD_UP";18,2444482226029
"TCGA.12.3652.01A";"XBP1_DOWN";34,1645624634801
"TCGA.12.3652.01A";"XBP1_UP";16,4749516162155
"TCGA.12.3653.01A";"RIDD_DOWN";9,03247752497282
"TCGA.12.3653.01A";"RIDD_UP";17,3647445529526
"TCGA.12.3653.01A";"XBP1_DOWN";29,7088120003808
"TCGA.12.3653.01A";"XBP1_UP";16,8127974070943
"TCGA.12.5295.01A";"RIDD_DOWN";10,5699838323499
"TCGA.12.5295.01A";"RIDD_UP";16,2507855732054
"TCGA.12.5295.01A";"XBP1_DOWN";34,7220551003748
"TCGA.12.5295.01A";"XBP1_UP";16,2997957641494
"TCGA.12.5299.01A";"RIDD_DOWN";17,0868645124147
"TCGA.12.5299.01A";"RIDD_UP";17,5535085246359
"TCGA.12.5299.01A";"XBP1_DOWN";44,2071077394369
"TCGA.12.5299.01A";"XBP1_UP";19,3417977749326
"TCGA.14.0736.02A";"RIDD_DOWN";19,7827914847761
"TCGA.14.0736.02A";"RIDD_UP";16,3313850709753
"TCGA.14.0736.02A";"XBP1_DOWN";41,7686984395799
"TCGA.14.0736.02A";"XBP1_UP";16,0403475821324
"TCGA.14.0781.01B";"RIDD_DOWN";15,8064033489763
"TCGA.14.0781.01B";"RIDD_UP";23,219375612937
"TCGA.14.0781.01B";"XBP1_DOWN";43,3601995477941
"TCGA.14.0781.01B";"XBP1_UP";19,0599081091703
"TCGA.14.0787.01A";"RIDD_DOWN";13,1281859627852
"TCGA.14.0787.01A";"RIDD_UP";18,3853743376357
"TCGA.14.0787.01A";"XBP1_DOWN";33,2032995815614
"TCGA.14.0787.01A";"XBP1_UP";17,2683913083822
"TCGA.14.0789.01A";"RIDD_DOWN";18,2997229604021
"TCGA.14.0789.01A";"RIDD_UP";18,6480255393333
"TCGA.14.0789.01A";"XBP1_DOWN";43,1816531427293
"TCGA.14.0789.01A";"XBP1_UP";14,2016192963393
"TCGA.14.0790.01B";"RIDD_DOWN";9,11404079600258
"TCGA.14.0790.01B";"RIDD_UP";17,8111066235858
"TCGA.14.0790.01B";"XBP1_DOWN";28,1784335338904
"TCGA.14.0790.01B";"XBP1_UP";17,7536418892308
"TCGA.14.0817.01A";"RIDD_DOWN";18,7237697723284
"TCGA.14.0817.01A";"RIDD_UP";20,5232586660128
"TCGA.14.0817.01A";"XBP1_DOWN";43,5157957282672
"TCGA.14.0817.01A";"XBP1_UP";20,2829989043069
"TCGA.14.0871.01A";"RIDD_DOWN";8,8213477789574
"TCGA.14.0871.01A";"RIDD_UP";14,6041704089192
"TCGA.14.0871.01A";"XBP1_DOWN";25,0765799702629
"TCGA.14.0871.01A";"XBP1_UP";15,0630333735515
"TCGA.14.1034.01A";"RIDD_DOWN";10,9399961383723
"TCGA.14.1034.01A";"RIDD_UP";17,141075314672
"TCGA.14.1034.01A";"XBP1_DOWN";33,2882639825884
"TCGA.14.1034.01A";"XBP1_UP";16,7449670905481
"TCGA.14.1034.02B";"RIDD_DOWN";13,0631106070362
"TCGA.14.1034.02B";"RIDD_UP";18,357839413569
"TCGA.14.1034.02B";"XBP1_DOWN";34,0863096937577
"TCGA.14.1034.02B";"XBP1_UP";17,8465437626877
"TCGA.14.1402.02A";"RIDD_DOWN";16,467544222693
"TCGA.14.1402.02A";"RIDD_UP";18,7271595953741
"TCGA.14.1402.02A";"XBP1_DOWN";43,595072207828
"TCGA.14.1402.02A";"XBP1_UP";18,3163616496516
"TCGA.14.1823.01A";"RIDD_DOWN";14,7514077567072
"TCGA.14.1823.01A";"RIDD_UP";16,9084907212518
"TCGA.14.1823.01A";"XBP1_DOWN";37,5387441606528
"TCGA.14.1823.01A";"XBP1_UP";14,9352160002376
"TCGA.14.1825.01A";"RIDD_DOWN";12,5448112038304
"TCGA.14.1825.01A";"RIDD_UP";16,3369260431713
"TCGA.14.1825.01A";"XBP1_DOWN";29,1036877602151
"TCGA.14.1825.01A";"XBP1_UP";17,4539231628655
"TCGA.14.1829.01A";"RIDD_DOWN";19,5495667324588
"TCGA.14.1829.01A";"RIDD_UP";18,2518670564991
"TCGA.14.1829.01A";"XBP1_DOWN";44,6344707440423
"TCGA.14.1829.01A";"XBP1_UP";16,7491754830265
"TCGA.14.2554.01A";"RIDD_DOWN";17,142629634362
"TCGA.14.2554.01A";"RIDD_UP";18,287293664042
"TCGA.14.2554.01A";"XBP1_DOWN";42,8583992788887
"TCGA.14.2554.01A";"XBP1_UP";17,060016982556
"TCGA.15.0742.01A";"RIDD_DOWN";12,5491452938446
"TCGA.15.0742.01A";"RIDD_UP";22,1437863832314
"TCGA.15.0742.01A";"XBP1_DOWN";30,4264809177905
"TCGA.15.0742.01A";"XBP1_UP";17,5622710042392
"TCGA.15.1444.01A";"RIDD_DOWN";16,7929277433518
"TCGA.15.1444.01A";"RIDD_UP";22,4460975035767
"TCGA.15.1444.01A";"XBP1_DOWN";41,6375130390427
"TCGA.15.1444.01A";"XBP1_UP";20,6508339496838
"TCGA.16.0846.01A";"RIDD_DOWN";15,596359157621
"TCGA.16.0846.01A";"RIDD_UP";16,1681402510789
"TCGA.16.0846.01A";"XBP1_DOWN";41,0192185709818
"TCGA.16.0846.01A";"XBP1_UP";23,412939376625
"TCGA.16.1045.01B";"RIDD_DOWN";19,2310273153576
"TCGA.16.1045.01B";"RIDD_UP";22,392005166634
"TCGA.16.1045.01B";"XBP1_DOWN";44,233448021989
"TCGA.16.1045.01B";"XBP1_UP";17,7244094992119
"TCGA.19.0957.02A";"RIDD_DOWN";21,258147501679
"TCGA.19.0957.02A";"RIDD_UP";19,7645102166886
"TCGA.19.0957.02A";"XBP1_DOWN";44,159376959824
"TCGA.19.0957.02A";"XBP1_UP";24,130099580263
"TCGA.19.1389.02A";"RIDD_DOWN";13,3575455579292
"TCGA.19.1389.02A";"RIDD_UP";16,2880732782368
"TCGA.19.1389.02A";"XBP1_DOWN";39,2772277905853
"TCGA.19.1389.02A";"XBP1_UP";16,7571993370679
"TCGA.19.1390.01A";"RIDD_DOWN";16,9161836808588
"TCGA.19.1390.01A";"RIDD_UP";22,5515751839819
"TCGA.19.1390.01A";"XBP1_DOWN";39,4761180200987
"TCGA.19.1390.01A";"XBP1_UP";19,2481156680911
"TCGA.19.1787.01B";"RIDD_DOWN";15,7138818824239
"TCGA.19.1787.01B";"RIDD_UP";21,4280500315684
"TCGA.19.1787.01B";"XBP1_DOWN";41,8171488474152
"TCGA.19.1787.01B";"XBP1_UP";22,223083912785
"TCGA.19.2619.01A";"RIDD_DOWN";11,96889901499
"TCGA.19.2619.01A";"RIDD_UP";24,2317476998934
"TCGA.19.2619.01A";"XBP1_DOWN";37,7026355498265
"TCGA.19.2619.01A";"XBP1_UP";20,8645337613072
"TCGA.19.2620.01A";"RIDD_DOWN";19,2659407615298
"TCGA.19.2620.01A";"RIDD_UP";19,3822481849883
"TCGA.19.2620.01A";"XBP1_DOWN";43,4560047287377
"TCGA.19.2620.01A";"XBP1_UP";14,6879474014596
"TCGA.19.2624.01A";"RIDD_DOWN";11,7983643950866
"TCGA.19.2624.01A";"RIDD_UP";23,149641621363
"TCGA.19.2624.01A";"XBP1_DOWN";36,7851892024305
"TCGA.19.2624.01A";"XBP1_UP";27,8238612748234
"TCGA.19.2625.01A";"RIDD_DOWN";15,4025622984315
"TCGA.19.2625.01A";"RIDD_UP";20,9172657630449
"TCGA.19.2625.01A";"XBP1_DOWN";38,4067452535029
"TCGA.19.2625.01A";"XBP1_UP";18,8764004187729
"TCGA.19.2629.01A";"RIDD_DOWN";15,2646359024166
"TCGA.19.2629.01A";"RIDD_UP";20,6481789102279
"TCGA.19.2629.01A";"XBP1_DOWN";41,3869066664131
"TCGA.19.2629.01A";"XBP1_UP";21,2580199055931
"TCGA.19.4065.01A";"RIDD_DOWN";16,6159273682327
"TCGA.19.4065.01A";"RIDD_UP";22,8312409784033
"TCGA.19.4065.01A";"XBP1_DOWN";42,658506929674
"TCGA.19.4065.01A";"XBP1_UP";20,5974416256359
"TCGA.19.4065.02A";"RIDD_DOWN";16,8122556292486
"TCGA.19.4065.02A";"RIDD_UP";19,8093132498804
"TCGA.19.4065.02A";"XBP1_DOWN";40,5765977305289
"TCGA.19.4065.02A";"XBP1_UP";20,6799568284577
"TCGA.19.5960.01A";"RIDD_DOWN";13,7209663118173
"TCGA.19.5960.01A";"RIDD_UP";19,4746237657682
"TCGA.19.5960.01A";"XBP1_DOWN";36,648827678001
"TCGA.19.5960.01A";"XBP1_UP";25,6852002900556
"TCGA.26.1442.01A";"RIDD_DOWN";13,7253679070115
"TCGA.26.1442.01A";"RIDD_UP";21,1954037367047
"TCGA.26.1442.01A";"XBP1_DOWN";36,0869976372048
"TCGA.26.1442.01A";"XBP1_UP";17,9380051959958
"TCGA.26.5132.01A";"RIDD_DOWN";14,8011296371522
"TCGA.26.5132.01A";"RIDD_UP";24,0718417683784
"TCGA.26.5132.01A";"XBP1_DOWN";36,8597567313046
"TCGA.26.5132.01A";"XBP1_UP";22,2127116483637
"TCGA.26.5133.01A";"RIDD_DOWN";8,95259808573816
"TCGA.26.5133.01A";"RIDD_UP";20,8449277542236
"TCGA.26.5133.01A";"XBP1_DOWN";30,1762841186183
"TCGA.26.5133.01A";"XBP1_UP";22,5653762173749
"TCGA.26.5134.01A";"RIDD_DOWN";13,2773938033665
"TCGA.26.5134.01A";"RIDD_UP";16,3487058058122
"TCGA.26.5134.01A";"XBP1_DOWN";37,2856375949632
"TCGA.26.5134.01A";"XBP1_UP";16,0657762987197
"TCGA.26.5135.01A";"RIDD_DOWN";17,065291987587
"TCGA.26.5135.01A";"RIDD_UP";21,073357874421
"TCGA.26.5135.01A";"XBP1_DOWN";39,3933646372514
"TCGA.26.5135.01A";"XBP1_UP";22,0760665539382
"TCGA.26.5136.01B";"RIDD_DOWN";14,3745740015704
"TCGA.26.5136.01B";"RIDD_UP";18,8896640627506
"TCGA.26.5136.01B";"XBP1_DOWN";34,5507116985252
"TCGA.26.5136.01B";"XBP1_UP";21,2503810053948
"TCGA.26.5139.01A";"RIDD_DOWN";17,9965982368588
"TCGA.26.5139.01A";"RIDD_UP";21,7696683887017
"TCGA.26.5139.01A";"XBP1_DOWN";40,8612192996197
"TCGA.26.5139.01A";"XBP1_UP";15,3530066057834
"TCGA.27.1830.01A";"RIDD_DOWN";16,8656708016006
"TCGA.27.1830.01A";"RIDD_UP";23,7774475692349
"TCGA.27.1830.01A";"XBP1_DOWN";42,5624520239787
"TCGA.27.1830.01A";"XBP1_UP";22,3004573956527
"TCGA.27.1831.01A";"RIDD_DOWN";13,857630049746
"TCGA.27.1831.01A";"RIDD_UP";17,3381923316355
"TCGA.27.1831.01A";"XBP1_DOWN";37,911325171586
"TCGA.27.1831.01A";"XBP1_UP";17,4524053063615
"TCGA.27.1832.01A";"RIDD_DOWN";13,6726001031385
"TCGA.27.1832.01A";"RIDD_UP";22,7630584763195
"TCGA.27.1832.01A";"XBP1_DOWN";42,2973868473933
"TCGA.27.1832.01A";"XBP1_UP";18,1763049137189
"TCGA.27.1834.01A";"RIDD_DOWN";11,4242103146308
"TCGA.27.1834.01A";"RIDD_UP";19,4513290258071
"TCGA.27.1834.01A";"XBP1_DOWN";35,0441362131188
"TCGA.27.1834.01A";"XBP1_UP";20,2307916952412
"TCGA.27.1835.01A";"RIDD_DOWN";8,87154542298299
"TCGA.27.1835.01A";"RIDD_UP";20,8057188860273
"TCGA.27.1835.01A";"XBP1_DOWN";26,506505399273
"TCGA.27.1835.01A";"XBP1_UP";17,0840380557276
"TCGA.27.1837.01A";"RIDD_DOWN";13,2507656176515
"TCGA.27.1837.01A";"RIDD_UP";17,9973326868
"TCGA.27.1837.01A";"XBP1_DOWN";31,9082714273586
"TCGA.27.1837.01A";"XBP1_UP";17,0047179852315
"TCGA.27.2519.01A";"RIDD_DOWN";14,2006851243505
"TCGA.27.2519.01A";"RIDD_UP";19,8990655368575
"TCGA.27.2519.01A";"XBP1_DOWN";36,5133465451187
"TCGA.27.2519.01A";"XBP1_UP";22,5562359854721
"TCGA.27.2521.01A";"RIDD_DOWN";14,2950162201188
"TCGA.27.2521.01A";"RIDD_UP";21,8232516030001
"TCGA.27.2521.01A";"XBP1_DOWN";34,9796641989968
"TCGA.27.2521.01A";"XBP1_UP";20,1019015583465
"TCGA.27.2523.01A";"RIDD_DOWN";13,5595101329814
"TCGA.27.2523.01A";"RIDD_UP";21,7157687241404
"TCGA.27.2523.01A";"XBP1_DOWN";33,9116338187186
"TCGA.27.2523.01A";"XBP1_UP";18,5878176768365
"TCGA.27.2524.01A";"RIDD_DOWN";18,3014673839021
"TCGA.27.2524.01A";"RIDD_UP";18,0540290183654
"TCGA.27.2524.01A";"XBP1_DOWN";43,780247228024
"TCGA.27.2524.01A";"XBP1_UP";19,0565444962117
"TCGA.27.2526.01A";"RIDD_DOWN";11,3389466141932
"TCGA.27.2526.01A";"RIDD_UP";15,8029598054739
"TCGA.27.2526.01A";"XBP1_DOWN";35,6803167755328
"TCGA.27.2526.01A";"XBP1_UP";17,3044915737685
"TCGA.27.2528.01A";"RIDD_DOWN";10,4487472320901
"TCGA.27.2528.01A";"RIDD_UP";21,7530270742473
"TCGA.27.2528.01A";"XBP1_DOWN";34,0017999925688
"TCGA.27.2528.01A";"XBP1_UP";16,7864929745963
"TCGA.28.1747.01C";"RIDD_DOWN";14,6672858699731
"TCGA.28.1747.01C";"RIDD_UP";17,4796415051205
"TCGA.28.1747.01C";"XBP1_DOWN";37,4120891875556
"TCGA.28.1747.01C";"XBP1_UP";20,3054886496696
"TCGA.28.1753.01A";"RIDD_DOWN";14,0695364044809
"TCGA.28.1753.01A";"RIDD_UP";20,5866282805412
"TCGA.28.1753.01A";"XBP1_DOWN";37,5491550674475
"TCGA.28.1753.01A";"XBP1_UP";18,7193244004805
"TCGA.28.2499.01A";"RIDD_DOWN";10,5891479748451
"TCGA.28.2499.01A";"RIDD_UP";19,1257992172053
"TCGA.28.2499.01A";"XBP1_DOWN";30,4785693233051
"TCGA.28.2499.01A";"XBP1_UP";14,3347804441686
"TCGA.28.2509.01A";"RIDD_DOWN";13,8242098810807
"TCGA.28.2509.01A";"RIDD_UP";19,559878453257
"TCGA.28.2509.01A";"XBP1_DOWN";41,2072211184451
"TCGA.28.2509.01A";"XBP1_UP";18,1861786864921
"TCGA.28.2510.01A";"RIDD_DOWN";19,2000484916582
"TCGA.28.2510.01A";"RIDD_UP";22,6276951430648
"TCGA.28.2510.01A";"XBP1_DOWN";42,9066529763149
"TCGA.28.2510.01A";"XBP1_UP";19,515013077221
"TCGA.28.2513.01A";"RIDD_DOWN";16,9087012521809
"TCGA.28.2513.01A";"RIDD_UP";20,6488067195339
"TCGA.28.2513.01A";"XBP1_DOWN";42,290647758071
"TCGA.28.2513.01A";"XBP1_UP";15,2645830117382
"TCGA.28.2514.01A";"RIDD_DOWN";15,0242503874812
"TCGA.28.2514.01A";"RIDD_UP";22,151337217683
"TCGA.28.2514.01A";"XBP1_DOWN";39,5836416326363
"TCGA.28.2514.01A";"XBP1_UP";18,2365790001153
"TCGA.28.5204.01A";"RIDD_DOWN";9,95330672705827
"TCGA.28.5204.01A";"RIDD_UP";20,1960863530549
"TCGA.28.5204.01A";"XBP1_DOWN";30,9626114520128
"TCGA.28.5204.01A";"XBP1_UP";19,8464388027936
"TCGA.28.5207.01A";"RIDD_DOWN";14,3309824900973
"TCGA.28.5207.01A";"RIDD_UP";20,0882938792085
"TCGA.28.5207.01A";"XBP1_DOWN";40,8607256498163
"TCGA.28.5207.01A";"XBP1_UP";22,4019121029316
"TCGA.28.5208.01A";"RIDD_DOWN";13,6201501281681
"TCGA.28.5208.01A";"RIDD_UP";19,3828224795141
"TCGA.28.5208.01A";"XBP1_DOWN";37,9967107973655
"TCGA.28.5208.01A";"XBP1_UP";17,8178411469939
"TCGA.28.5209.01A";"RIDD_DOWN";11,7508853135872
"TCGA.28.5209.01A";"RIDD_UP";21,515806098837
"TCGA.28.5209.01A";"XBP1_DOWN";31,2328148593611
"TCGA.28.5209.01A";"XBP1_UP";18,3605085751615
"TCGA.28.5213.01A";"RIDD_DOWN";16,5923213486498
"TCGA.28.5213.01A";"RIDD_UP";17,4156262219694
"TCGA.28.5213.01A";"XBP1_DOWN";38,284630020124
"TCGA.28.5213.01A";"XBP1_UP";18,0833217628268
"TCGA.28.5215.01A";"RIDD_DOWN";18,4472654031903
"TCGA.28.5215.01A";"RIDD_UP";22,7556605676523
"TCGA.28.5215.01A";"XBP1_DOWN";44,9937547709378
"TCGA.28.5215.01A";"XBP1_UP";23,1940015912501
"TCGA.28.5216.01A";"RIDD_DOWN";15,6399510290612
"TCGA.28.5216.01A";"RIDD_UP";19,2223464688241
"TCGA.28.5216.01A";"XBP1_DOWN";39,0249562259836
"TCGA.28.5216.01A";"XBP1_UP";18,2626513425015
"TCGA.28.5218.01A";"RIDD_DOWN";11,2324371863997
"TCGA.28.5218.01A";"RIDD_UP";21,1466042120955
"TCGA.28.5218.01A";"XBP1_DOWN";35,6809373096332
"TCGA.28.5218.01A";"XBP1_UP";16,218038719899
"TCGA.28.5220.01A";"RIDD_DOWN";15,3020575690271
"TCGA.28.5220.01A";"RIDD_UP";16,8615667623937
"TCGA.28.5220.01A";"XBP1_DOWN";40,881294212909
"TCGA.28.5220.01A";"XBP1_UP";19,7600328834745
"TCGA.32.1970.01A";"RIDD_DOWN";11,9103141192167
"TCGA.32.1970.01A";"RIDD_UP";22,7413834818234
"TCGA.32.1970.01A";"XBP1_DOWN";36,6894811991646
"TCGA.32.1970.01A";"XBP1_UP";23,6936993229708
"TCGA.32.1980.01A";"RIDD_DOWN";20,8238984540823
"TCGA.32.1980.01A";"RIDD_UP";21,0916497587425
"TCGA.32.1980.01A";"XBP1_DOWN";47,6464649678649
"TCGA.32.1980.01A";"XBP1_UP";18,2101121026645
"TCGA.32.1982.01A";"RIDD_DOWN";12,5430524723414
"TCGA.32.1982.01A";"RIDD_UP";18,664626774797
"TCGA.32.1982.01A";"XBP1_DOWN";34,8328286297134
"TCGA.32.1982.01A";"XBP1_UP";14,2729932367011
"TCGA.32.2615.01A";"RIDD_DOWN";21,0232609311564
"TCGA.32.2615.01A";"RIDD_UP";22,8562015376964
"TCGA.32.2615.01A";"XBP1_DOWN";47,8409254765999
"TCGA.32.2615.01A";"XBP1_UP";19,2425442620295
"TCGA.32.2616.01A";"RIDD_DOWN";14,989305216834
"TCGA.32.2616.01A";"RIDD_UP";21,1487969074386
"TCGA.32.2616.01A";"XBP1_DOWN";36,944217495699
"TCGA.32.2616.01A";"XBP1_UP";25,5937372597266
"TCGA.32.2632.01A";"RIDD_DOWN";12,7941491664314
"TCGA.32.2632.01A";"RIDD_UP";19,7397036811404
"TCGA.32.2632.01A";"XBP1_DOWN";37,9578430264922
"TCGA.32.2632.01A";"XBP1_UP";20,5335377728565
"TCGA.32.2634.01A";"RIDD_DOWN";18,4877954080787
"TCGA.32.2634.01A";"RIDD_UP";23,0264779360512
"TCGA.32.2634.01A";"XBP1_DOWN";45,8226309091912
"TCGA.32.2634.01A";"XBP1_UP";26,5231396594697
"TCGA.32.2638.01A";"RIDD_DOWN";15,879475658854
"TCGA.32.2638.01A";"RIDD_UP";22,5200831454402
"TCGA.32.2638.01A";"XBP1_DOWN";40,8524413045154
"TCGA.32.2638.01A";"XBP1_UP";17,1069120802994
"TCGA.32.4213.01A";"RIDD_DOWN";12,9369364114974
"TCGA.32.4213.01A";"RIDD_UP";17,0968919472153
"TCGA.32.4213.01A";"XBP1_DOWN";37,7004263906498
"TCGA.32.4213.01A";"XBP1_UP";16,51164571854
"TCGA.32.5222.01A";"RIDD_DOWN";16,6588890249748
"TCGA.32.5222.01A";"RIDD_UP";19,4190634087879
"TCGA.32.5222.01A";"XBP1_DOWN";42,3255018132103
"TCGA.32.5222.01A";"XBP1_UP";17,7664507830642
"TCGA.41.2571.01A";"RIDD_DOWN";18,9710549298338
"TCGA.41.2571.01A";"RIDD_UP";21,1135659313108
"TCGA.41.2571.01A";"XBP1_DOWN";47,1757076805298
"TCGA.41.2571.01A";"XBP1_UP";25,451384895043
"TCGA.41.2572.01A";"RIDD_DOWN";16,7183668618342
"TCGA.41.2572.01A";"RIDD_UP";21,0127224713342
"TCGA.41.2572.01A";"XBP1_DOWN";39,6575039490031
"TCGA.41.2572.01A";"XBP1_UP";15,9738852541673
"TCGA.41.3915.01A";"RIDD_DOWN";19,0712411674669
"TCGA.41.3915.01A";"RIDD_UP";22,6743639529623
"TCGA.41.3915.01A";"XBP1_DOWN";48,5214905403465
"TCGA.41.3915.01A";"XBP1_UP";21,3889721172038
"TCGA.41.4097.01A";"RIDD_DOWN";16,2517203455328
"TCGA.41.4097.01A";"RIDD_UP";21,8858828745222
"TCGA.41.4097.01A";"XBP1_DOWN";43,9417859888032
"TCGA.41.4097.01A";"XBP1_UP";16,1273264230998
"TCGA.41.5651.01A";"RIDD_DOWN";16,021563382473
"TCGA.41.5651.01A";"RIDD_UP";20,6949983416609
"TCGA.41.5651.01A";"XBP1_DOWN";38,7963275546808
"TCGA.41.5651.01A";"XBP1_UP";26,8684418306286
"TCGA.76.4925.01A";"RIDD_DOWN";16,3943669020898
"TCGA.76.4925.01A";"RIDD_UP";22,1408087756308
"TCGA.76.4925.01A";"XBP1_DOWN";37,6993024920064
"TCGA.76.4925.01A";"XBP1_UP";18,5171594998283
"TCGA.76.4926.01B";"RIDD_DOWN";16,0849942264112
"TCGA.76.4926.01B";"RIDD_UP";20,8208298471517
"TCGA.76.4926.01B";"XBP1_DOWN";38,9451836889808
"TCGA.76.4926.01B";"XBP1_UP";21,0297986647813
"TCGA.76.4927.01A";"RIDD_DOWN";19,1081851334018
"TCGA.76.4927.01A";"RIDD_UP";19,8947593188443
"TCGA.76.4927.01A";"XBP1_DOWN";43,0018907791603
"TCGA.76.4927.01A";"XBP1_UP";17,8133943967055
"TCGA.76.4928.01B";"RIDD_DOWN";18,4678883491472
"TCGA.76.4928.01B";"RIDD_UP";21,4160034672622
"TCGA.76.4928.01B";"XBP1_DOWN";45,9324658502189
"TCGA.76.4928.01B";"XBP1_UP";21,0482051808786
"TCGA.76.4929.01A";"RIDD_DOWN";17,9529760359478
"TCGA.76.4929.01A";"RIDD_UP";20,9023441222181
"TCGA.76.4929.01A";"XBP1_DOWN";40,6805181974541
"TCGA.76.4929.01A";"XBP1_UP";23,222792722614
"TCGA.76.4931.01A";"RIDD_DOWN";15,8002712950293
"TCGA.76.4931.01A";"RIDD_UP";23,0192429756028
"TCGA.76.4931.01A";"XBP1_DOWN";36,8306447693216
"TCGA.76.4931.01A";"XBP1_UP";22,9933243764091
"TCGA.76.4932.01A";"RIDD_DOWN";11,4572726079605
"TCGA.76.4932.01A";"RIDD_UP";19,0432650464357
"TCGA.76.4932.01A";"XBP1_DOWN";33,3582678287687
"TCGA.76.4932.01A";"XBP1_UP";19,696088772721
